时间,波形名称,谐波次数,谐波值
2024-03-25 04:54:09,822B极Ⅱ低端换流变交流系统A相电压Uac_L1,1,0.1574014709046849
2024-03-25 04:54:09,822B极Ⅱ低端换流变交流系统A相电压Uac_L1,2,0.004954162278829587
2024-03-25 04:54:09,822B极Ⅱ低端换流变交流系统A相电压Uac_L1,3,0.008039057085671496
2024-03-25 04:54:09,822B极Ⅱ低端换流变交流系统A相电压Uac_L1,4,0.006657341583688807
2024-03-25 04:54:09,822B极Ⅱ低端换流变交流系统A相电压Uac_L1,5,0.007042449524430306
2024-03-25 04:54:09,822B极Ⅱ低端换流变交流系统A相电压Uac_L1,6,0.004984590747549774
2024-03-25 04:54:09,822B极Ⅱ低端换流变交流系统A相电压Uac_L1,7,0.008429166346125224
2024-03-25 04:54:09,822B极Ⅱ低端换流变交流系统A相电压Uac_L1,8,0.005328539327774399
2024-03-25 04:54:09,822B极Ⅱ低端换流变交流系统A相电压Uac_L1,9,0.005145720654765568
2024-03-25 04:54:09,822B极Ⅱ低端换流变交流系统A相电压Uac_L1,10,0.006599073526710994
2024-03-25 04:54:09,822B极Ⅱ低端换流变交流系统B相电压Uac_L2,1,0.055193721083188096
2024-03-25 04:54:09,822B极Ⅱ低端换流变交流系统B相电压Uac_L2,2,0.005077764750918127
2024-03-25 04:54:09,822B极Ⅱ低端换流变交流系统B相电压Uac_L2,3,0.006067186258199844
2024-03-25 04:54:09,822B极Ⅱ低端换流变交流系统B相电压Uac_L2,4,0.0064946900105243375
2024-03-25 04:54:09,822B极Ⅱ低端换流变交流系统B相电压Uac_L2,5,0.0059486756689033984
2024-03-25 04:54:09,822B极Ⅱ低端换流变交流系统B相电压Uac_L2,6,0.004999186776102688
2024-03-25 04:54:09,822B极Ⅱ低端换流变交流系统B相电压Uac_L2,7,0.012535813035044613
2024-03-25 04:54:09,822B极Ⅱ低端换流变交流系统B相电压Uac_L2,8,0.005293049811203534
2024-03-25 04:54:09,822B极Ⅱ低端换流变交流系统B相电压Uac_L2,9,0.0052214568595232375
2024-03-25 04:54:09,822B极Ⅱ低端换流变交流系统B相电压Uac_L2,10,0.008249328902052395
2024-03-25 04:54:09,822B极Ⅱ低端换流变交流系统C相电压Uac_L3,1,0.10250507704240594
2024-03-25 04:54:09,822B极Ⅱ低端换流变交流系统C相电压Uac_L3,2,0.005114449600445993
2024-03-25 04:54:09,822B极Ⅱ低端换流变交流系统C相电压Uac_L3,3,0.006999091025205077
2024-03-25 04:54:09,822B极Ⅱ低端换流变交流系统C相电压Uac_L3,4,0.006447959094277951
2024-03-25 04:54:09,822B极Ⅱ低端换流变交流系统C相电压Uac_L3,5,0.006148693846610693
2024-03-25 04:54:09,822B极Ⅱ低端换流变交流系统C相电压Uac_L3,6,0.0051551496896064175
2024-03-25 04:54:09,822B极Ⅱ低端换流变交流系统C相电压Uac_L3,7,0.012509283743246325
2024-03-25 04:54:09,822B极Ⅱ低端换流变交流系统C相电压Uac_L3,8,0.0050151350214770905
2024-03-25 04:54:09,822B极Ⅱ低端换流变交流系统C相电压Uac_L3,9,0.005136589161832233
2024-03-25 04:54:09,822B极Ⅱ低端换流变交流系统C相电压Uac_L3,10,0.0071494252306416265
2024-03-25 04:54:09,822B极Ⅱ低端换流变交流系统零序电压Uac_3U0,1,0.01447911508790615
2024-03-25 04:54:09,822B极Ⅱ低端换流变交流系统零序电压Uac_3U0,2,0.006080036588315719
2024-03-25 04:54:09,822B极Ⅱ低端换流变交流系统零序电压Uac_3U0,3,0.006206218110814012
2024-03-25 04:54:09,822B极Ⅱ低端换流变交流系统零序电压Uac_3U0,4,0.013186747803489848
2024-03-25 04:54:09,822B极Ⅱ低端换流变交流系统零序电压Uac_3U0,5,0.012108569130152772
2024-03-25 04:54:09,822B极Ⅱ低端换流变交流系统零序电压Uac_3U0,6,0.006837368394267288
2024-03-25 04:54:09,822B极Ⅱ低端换流变交流系统零序电压Uac_3U0,7,0.03325751393547484
2024-03-25 04:54:09,822B极Ⅱ低端换流变交流系统零序电压Uac_3U0,8,0.005712441358499994
2024-03-25 04:54:09,822B极Ⅱ低端换流变交流系统零序电压Uac_3U0,9,0.00681623695600197
2024-03-25 04:54:09,822B极Ⅱ低端换流变交流系统零序电压Uac_3U0,10,0.01319572347792371
2024-03-25 04:54:09,8221B极Ⅱ低端换流变星接阀侧首端末屏A相电压UVY1_L1,1,0.14233499493914079
2024-03-25 04:54:09,8221B极Ⅱ低端换流变星接阀侧首端末屏A相电压UVY1_L1,2,0.013688183463147163
2024-03-25 04:54:09,8221B极Ⅱ低端换流变星接阀侧首端末屏A相电压UVY1_L1,3,0.016658717599887025
2024-03-25 04:54:09,8221B极Ⅱ低端换流变星接阀侧首端末屏A相电压UVY1_L1,4,0.012230708599401827
2024-03-25 04:54:09,8221B极Ⅱ低端换流变星接阀侧首端末屏A相电压UVY1_L1,5,0.012539005529891489
2024-03-25 04:54:09,8221B极Ⅱ低端换流变星接阀侧首端末屏A相电压UVY1_L1,6,0.011073974509960564
2024-03-25 04:54:09,8221B极Ⅱ低端换流变星接阀侧首端末屏A相电压UVY1_L1,7,0.02428706236465157
2024-03-25 04:54:09,8221B极Ⅱ低端换流变星接阀侧首端末屏A相电压UVY1_L1,8,0.010289260516008156
2024-03-25 04:54:09,8221B极Ⅱ低端换流变星接阀侧首端末屏A相电压UVY1_L1,9,0.01033452556526395
2024-03-25 04:54:09,8221B极Ⅱ低端换流变星接阀侧首端末屏A相电压UVY1_L1,10,0.021967760887930312
2024-03-25 04:54:09,8221B极Ⅱ低端换流变星接阀侧首端末屏B相电压UVY1_L2,1,0.06099815707558913
2024-03-25 04:54:09,8221B极Ⅱ低端换流变星接阀侧首端末屏B相电压UVY1_L2,2,0.010593077247987344
2024-03-25 04:54:09,8221B极Ⅱ低端换流变星接阀侧首端末屏B相电压UVY1_L2,3,0.011669119473200202
2024-03-25 04:54:09,8221B极Ⅱ低端换流变星接阀侧首端末屏B相电压UVY1_L2,4,0.010575104702354923
2024-03-25 04:54:09,8221B极Ⅱ低端换流变星接阀侧首端末屏B相电压UVY1_L2,5,0.011271371078229984
2024-03-25 04:54:09,8221B极Ⅱ低端换流变星接阀侧首端末屏B相电压UVY1_L2,6,0.010243236134025042
2024-03-25 04:54:09,8221B极Ⅱ低端换流变星接阀侧首端末屏B相电压UVY1_L2,7,0.024252218234383543
2024-03-25 04:54:09,8221B极Ⅱ低端换流变星接阀侧首端末屏B相电压UVY1_L2,8,0.01003674734462708
2024-03-25 04:54:09,8221B极Ⅱ低端换流变星接阀侧首端末屏B相电压UVY1_L2,9,0.012074428181699752
2024-03-25 04:54:09,8221B极Ⅱ低端换流变星接阀侧首端末屏B相电压UVY1_L2,10,0.020288467651064724
2024-03-25 04:54:09,8221B极Ⅱ低端换流变星接阀侧首端末屏C相电压UVY1_L3,1,0.1047053886436713
2024-03-25 04:54:09,8221B极Ⅱ低端换流变星接阀侧首端末屏C相电压UVY1_L3,2,0.010912931013244786
2024-03-25 04:54:09,8221B极Ⅱ低端换流变星接阀侧首端末屏C相电压UVY1_L3,3,0.011683023928170872
2024-03-25 04:54:09,8221B极Ⅱ低端换流变星接阀侧首端末屏C相电压UVY1_L3,4,0.012270747261535424
2024-03-25 04:54:09,8221B极Ⅱ低端换流变星接阀侧首端末屏C相电压UVY1_L3,5,0.010576697869032167
2024-03-25 04:54:09,8221B极Ⅱ低端换流变星接阀侧首端末屏C相电压UVY1_L3,6,0.011194405839101619
2024-03-25 04:54:09,8221B极Ⅱ低端换流变星接阀侧首端末屏C相电压UVY1_L3,7,0.02423312881865338
2024-03-25 04:54:09,8221B极Ⅱ低端换流变星接阀侧首端末屏C相电压UVY1_L3,8,0.011547641453503094
2024-03-25 04:54:09,8221B极Ⅱ低端换流变星接阀侧首端末屏C相电压UVY1_L3,9,0.009949015407639246
2024-03-25 04:54:09,8221B极Ⅱ低端换流变星接阀侧首端末屏C相电压UVY1_L3,10,0.02068384091490778
2024-03-25 04:54:09,8221B极Ⅱ低端换流变星接阀侧首端末屏电压UVY1_ 3Uo,1,0.031324375750963494
2024-03-25 04:54:09,8221B极Ⅱ低端换流变星接阀侧首端末屏电压UVY1_ 3Uo,2,0.02304543558348835
2024-03-25 04:54:09,8221B极Ⅱ低端换流变星接阀侧首端末屏电压UVY1_ 3Uo,3,0.024354723227089467
2024-03-25 04:54:09,8221B极Ⅱ低端换流变星接阀侧首端末屏电压UVY1_ 3Uo,4,0.02488253577477807
2024-03-25 04:54:09,8221B极Ⅱ低端换流变星接阀侧首端末屏电压UVY1_ 3Uo,5,0.02069702720293685
2024-03-25 04:54:09,8221B极Ⅱ低端换流变星接阀侧首端末屏电压UVY1_ 3Uo,6,0.021850419929112228
2024-03-25 04:54:09,8221B极Ⅱ低端换流变星接阀侧首端末屏电压UVY1_ 3Uo,7,0.05841303663155179
2024-03-25 04:54:09,8221B极Ⅱ低端换流变星接阀侧首端末屏电压UVY1_ 3Uo,8,0.01956861838288465
2024-03-25 04:54:09,8221B极Ⅱ低端换流变星接阀侧首端末屏电压UVY1_ 3Uo,9,0.01957573144473669
2024-03-25 04:54:09,8221B极Ⅱ低端换流变星接阀侧首端末屏电压UVY1_ 3Uo,10,0.047277349608975144
2024-03-25 04:54:09,822B极Ⅱ低端换流变进线开关A相电流I_L1,1,0.0012224676825390976
2024-03-25 04:54:09,822B极Ⅱ低端换流变进线开关A相电流I_L1,2,0.0013821478148472496
2024-03-25 04:54:09,822B极Ⅱ低端换流变进线开关A相电流I_L1,3,0.0011289989943967205
2024-03-25 04:54:09,822B极Ⅱ低端换流变进线开关A相电流I_L1,4,0.0011582761104893626
2024-03-25 04:54:09,822B极Ⅱ低端换流变进线开关A相电流I_L1,5,0.0012289235395940101
2024-03-25 04:54:09,822B极Ⅱ低端换流变进线开关A相电流I_L1,6,0.0011817517991950441
2024-03-25 04:54:09,822B极Ⅱ低端换流变进线开关A相电流I_L1,7,0.0011275878406328485
2024-03-25 04:54:09,822B极Ⅱ低端换流变进线开关A相电流I_L1,8,0.0011074036164280018
2024-03-25 04:54:09,822B极Ⅱ低端换流变进线开关A相电流I_L1,9,0.0011918465770848984
2024-03-25 04:54:09,822B极Ⅱ低端换流变进线开关A相电流I_L1,10,0.0015896720135666995
2024-03-25 04:54:09,822B极Ⅱ低端换流变进线开关B相电流I_L2,1,0.0012891347048326481
2024-03-25 04:54:09,822B极Ⅱ低端换流变进线开关B相电流I_L2,2,0.0011368917223904384
2024-03-25 04:54:09,822B极Ⅱ低端换流变进线开关B相电流I_L2,3,0.0010792189034373042
2024-03-25 04:54:09,822B极Ⅱ低端换流变进线开关B相电流I_L2,4,0.0013295674202360049
2024-03-25 04:54:09,822B极Ⅱ低端换流变进线开关B相电流I_L2,5,0.0012467077314217102
2024-03-25 04:54:09,822B极Ⅱ低端换流变进线开关B相电流I_L2,6,0.0010844243087054807
2024-03-25 04:54:09,822B极Ⅱ低端换流变进线开关B相电流I_L2,7,0.0011173138550416605
2024-03-25 04:54:09,822B极Ⅱ低端换流变进线开关B相电流I_L2,8,0.0012175577652704982
2024-03-25 04:54:09,822B极Ⅱ低端换流变进线开关B相电流I_L2,9,0.0013385555879575496
2024-03-25 04:54:09,822B极Ⅱ低端换流变进线开关B相电流I_L2,10,0.0013447472432198174
2024-03-25 04:54:09,822B极Ⅱ低端换流变进线开关C相电流I_L3,1,0.0011644178068503381
2024-03-25 04:54:09,822B极Ⅱ低端换流变进线开关C相电流I_L3,2,0.0012644197990007687
2024-03-25 04:54:09,822B极Ⅱ低端换流变进线开关C相电流I_L3,3,0.0011139507748764569
2024-03-25 04:54:09,822B极Ⅱ低端换流变进线开关C相电流I_L3,4,0.0011741399804253724
2024-03-25 04:54:09,822B极Ⅱ低端换流变进线开关C相电流I_L3,5,0.001223438718574232
2024-03-25 04:54:09,822B极Ⅱ低端换流变进线开关C相电流I_L3,6,0.0011192085182359776
2024-03-25 04:54:09,822B极Ⅱ低端换流变进线开关C相电流I_L3,7,0.00119222098667628
2024-03-25 04:54:09,822B极Ⅱ低端换流变进线开关C相电流I_L3,8,0.001213237941391547
2024-03-25 04:54:09,822B极Ⅱ低端换流变进线开关C相电流I_L3,9,0.0014370000057740734
2024-03-25 04:54:09,822B极Ⅱ低端换流变进线开关C相电流I_L3,10,0.0014681264622890785
2024-03-25 04:54:09,822B极Ⅱ低端换流变进线开关零序电流I_3I0,1,0.0011834492379668674
2024-03-25 04:54:09,822B极Ⅱ低端换流变进线开关零序电流I_3I0,2,0.0011496590838298254
2024-03-25 04:54:09,822B极Ⅱ低端换流变进线开关零序电流I_3I0,3,0.00110657468406268
2024-03-25 04:54:09,822B极Ⅱ低端换流变进线开关零序电流I_3I0,4,0.0011762838998906323
2024-03-25 04:54:09,822B极Ⅱ低端换流变进线开关零序电流I_3I0,5,0.0011594573733819712
2024-03-25 04:54:09,822B极Ⅱ低端换流变进线开关零序电流I_3I0,6,0.0011202299313997535
2024-03-25 04:54:09,822B极Ⅱ低端换流变进线开关零序电流I_3I0,7,0.0011444778595813283
2024-03-25 04:54:09,822B极Ⅱ低端换流变进线开关零序电流I_3I0,8,0.0011284407169744773
2024-03-25 04:54:09,822B极Ⅱ低端换流变进线开关零序电流I_3I0,9,0.001406116047470233
2024-03-25 04:54:09,822B极Ⅱ低端换流变进线开关零序电流I_3I0,10,0.0013443929215799532
2024-03-25 04:54:09,8221B极Ⅱ低端换流变星接网侧末端套管A相电流Iac_Y_0_L1,1,0.0013230399458365055
2024-03-25 04:54:09,8221B极Ⅱ低端换流变星接网侧末端套管A相电流Iac_Y_0_L1,2,0.0012410484731078635
2024-03-25 04:54:09,8221B极Ⅱ低端换流变星接网侧末端套管A相电流Iac_Y_0_L1,3,0.0011840681822671212
2024-03-25 04:54:09,8221B极Ⅱ低端换流变星接网侧末端套管A相电流Iac_Y_0_L1,4,0.0013849927205483697
2024-03-25 04:54:09,8221B极Ⅱ低端换流变星接网侧末端套管A相电流Iac_Y_0_L1,5,0.0011590010714715331
2024-03-25 04:54:09,8221B极Ⅱ低端换流变星接网侧末端套管A相电流Iac_Y_0_L1,6,0.0011585050946387107
2024-03-25 04:54:09,8221B极Ⅱ低端换流变星接网侧末端套管A相电流Iac_Y_0_L1,7,0.0012235532800887502
2024-03-25 04:54:09,8221B极Ⅱ低端换流变星接网侧末端套管A相电流Iac_Y_0_L1,8,0.001206580294759352
2024-03-25 04:54:09,8221B极Ⅱ低端换流变星接网侧末端套管A相电流Iac_Y_0_L1,9,0.0010905003136008405
2024-03-25 04:54:09,8221B极Ⅱ低端换流变星接网侧末端套管A相电流Iac_Y_0_L1,10,0.0013438638551527726
2024-03-25 04:54:09,8221B极Ⅱ低端换流变星接网侧末端套管B相电流Iac_Y_0_L2,1,0.0011212288224845897
2024-03-25 04:54:09,8221B极Ⅱ低端换流变星接网侧末端套管B相电流Iac_Y_0_L2,2,0.0012093245033509316
2024-03-25 04:54:09,8221B极Ⅱ低端换流变星接网侧末端套管B相电流Iac_Y_0_L2,3,0.001101662737571688
2024-03-25 04:54:09,8221B极Ⅱ低端换流变星接网侧末端套管B相电流Iac_Y_0_L2,4,0.0010764401723134538
2024-03-25 04:54:09,8221B极Ⅱ低端换流变星接网侧末端套管B相电流Iac_Y_0_L2,5,0.0011532385372387338
2024-03-25 04:54:09,8221B极Ⅱ低端换流变星接网侧末端套管B相电流Iac_Y_0_L2,6,0.0011512083312342075
2024-03-25 04:54:09,8221B极Ⅱ低端换流变星接网侧末端套管B相电流Iac_Y_0_L2,7,0.001240373164593656
2024-03-25 04:54:09,8221B极Ⅱ低端换流变星接网侧末端套管B相电流Iac_Y_0_L2,8,0.0010668046811182631
2024-03-25 04:54:09,8221B极Ⅱ低端换流变星接网侧末端套管B相电流Iac_Y_0_L2,9,0.0012572537587557371
2024-03-25 04:54:09,8221B极Ⅱ低端换流变星接网侧末端套管B相电流Iac_Y_0_L2,10,0.001589159525998993
2024-03-25 04:54:09,8221B极Ⅱ低端换流变星接网侧末端套管C相电流Iac_Y_0_L3,1,0.001287599536777696
2024-03-25 04:54:09,8221B极Ⅱ低端换流变星接网侧末端套管C相电流Iac_Y_0_L3,2,0.0011350386784907056
2024-03-25 04:54:09,8221B极Ⅱ低端换流变星接网侧末端套管C相电流Iac_Y_0_L3,3,0.0010553605583880567
2024-03-25 04:54:09,8221B极Ⅱ低端换流变星接网侧末端套管C相电流Iac_Y_0_L3,4,0.001228897827956519
2024-03-25 04:54:09,8221B极Ⅱ低端换流变星接网侧末端套管C相电流Iac_Y_0_L3,5,0.0012221740661647151
2024-03-25 04:54:09,8221B极Ⅱ低端换流变星接网侧末端套管C相电流Iac_Y_0_L3,6,0.0011807706551229017
2024-03-25 04:54:09,8221B极Ⅱ低端换流变星接网侧末端套管C相电流Iac_Y_0_L3,7,0.0011372629008425256
2024-03-25 04:54:09,8221B极Ⅱ低端换流变星接网侧末端套管C相电流Iac_Y_0_L3,8,0.0012617161875492133
2024-03-25 04:54:09,8221B极Ⅱ低端换流变星接网侧末端套管C相电流Iac_Y_0_L3,9,0.0011561643664256235
2024-03-25 04:54:09,8221B极Ⅱ低端换流变星接网侧末端套管C相电流Iac_Y_0_L3,10,0.0015888262860141293
2024-03-25 04:54:09,8221B极Ⅱ低端换流变星接网侧末端套管电流Iac_Y_0_ 3Io,1,0.0019812816582088317
2024-03-25 04:54:09,8221B极Ⅱ低端换流变星接网侧末端套管电流Iac_Y_0_ 3Io,2,0.002269300534502113
2024-03-25 04:54:09,8221B极Ⅱ低端换流变星接网侧末端套管电流Iac_Y_0_ 3Io,3,0.001962497893175382
2024-03-25 04:54:09,8221B极Ⅱ低端换流变星接网侧末端套管电流Iac_Y_0_ 3Io,4,0.002276830596466343
2024-03-25 04:54:09,8221B极Ⅱ低端换流变星接网侧末端套管电流Iac_Y_0_ 3Io,5,0.001959294042904482
2024-03-25 04:54:09,8221B极Ⅱ低端换流变星接网侧末端套管电流Iac_Y_0_ 3Io,6,0.00198662424279296
2024-03-25 04:54:09,8221B极Ⅱ低端换流变星接网侧末端套管电流Iac_Y_0_ 3Io,7,0.0019579451372030688
2024-03-25 04:54:09,8221B极Ⅱ低端换流变星接网侧末端套管电流Iac_Y_0_ 3Io,8,0.0018421425403478925
2024-03-25 04:54:09,8221B极Ⅱ低端换流变星接网侧末端套管电流Iac_Y_0_ 3Io,9,0.0020339453182724072
2024-03-25 04:54:09,8221B极Ⅱ低端换流变星接网侧末端套管电流Iac_Y_0_ 3Io,10,0.0028110002945561994
2024-03-25 04:54:09,8222B极Ⅱ低端换流变角接阀侧首端末屏A相电压UVD1_L1,1,0.10935488540343136
2024-03-25 04:54:09,8222B极Ⅱ低端换流变角接阀侧首端末屏A相电压UVD1_L1,2,0.013442383758492002
2024-03-25 04:54:09,8222B极Ⅱ低端换流变角接阀侧首端末屏A相电压UVD1_L1,3,0.012908221519176661
2024-03-25 04:54:09,8222B极Ⅱ低端换流变角接阀侧首端末屏A相电压UVD1_L1,4,0.01600336385630761
2024-03-25 04:54:09,8222B极Ⅱ低端换流变角接阀侧首端末屏A相电压UVD1_L1,5,0.010571607053143636
2024-03-25 04:54:09,8222B极Ⅱ低端换流变角接阀侧首端末屏A相电压UVD1_L1,6,0.012655806482761219
2024-03-25 04:54:09,8222B极Ⅱ低端换流变角接阀侧首端末屏A相电压UVD1_L1,7,0.03217582299983033
2024-03-25 04:54:09,8222B极Ⅱ低端换流变角接阀侧首端末屏A相电压UVD1_L1,8,0.013172235105467407
2024-03-25 04:54:09,8222B极Ⅱ低端换流变角接阀侧首端末屏A相电压UVD1_L1,9,0.010396434391237898
2024-03-25 04:54:09,8222B极Ⅱ低端换流变角接阀侧首端末屏A相电压UVD1_L1,10,0.026633631967028948
2024-03-25 04:54:09,8222B极Ⅱ低端换流变角接阀侧首端末屏B相电压UVD1_L2,1,0.03380020975217403
2024-03-25 04:54:09,8222B极Ⅱ低端换流变角接阀侧首端末屏B相电压UVD1_L2,2,0.013179480295540174
2024-03-25 04:54:09,8222B极Ⅱ低端换流变角接阀侧首端末屏B相电压UVD1_L2,3,0.01055148282409047
2024-03-25 04:54:09,8222B极Ⅱ低端换流变角接阀侧首端末屏B相电压UVD1_L2,4,0.014724175891991518
2024-03-25 04:54:09,8222B极Ⅱ低端换流变角接阀侧首端末屏B相电压UVD1_L2,5,0.010776751702532252
2024-03-25 04:54:09,8222B极Ⅱ低端换流变角接阀侧首端末屏B相电压UVD1_L2,6,0.01093778411810172
2024-03-25 04:54:09,8222B极Ⅱ低端换流变角接阀侧首端末屏B相电压UVD1_L2,7,0.03172963379853996
2024-03-25 04:54:09,8222B极Ⅱ低端换流变角接阀侧首端末屏B相电压UVD1_L2,8,0.012502064810983059
2024-03-25 04:54:09,8222B极Ⅱ低端换流变角接阀侧首端末屏B相电压UVD1_L2,9,0.009923364136558985
2024-03-25 04:54:09,8222B极Ⅱ低端换流变角接阀侧首端末屏B相电压UVD1_L2,10,0.02784919719330537
2024-03-25 04:54:09,8222B极Ⅱ低端换流变角接阀侧首端末屏C相电压UVD1_L3,1,0.15116503832114198
2024-03-25 04:54:09,8222B极Ⅱ低端换流变角接阀侧首端末屏C相电压UVD1_L3,2,0.01319494553697342
2024-03-25 04:54:09,8222B极Ⅱ低端换流变角接阀侧首端末屏C相电压UVD1_L3,3,0.01378945290036066
2024-03-25 04:54:09,8222B极Ⅱ低端换流变角接阀侧首端末屏C相电压UVD1_L3,4,0.015148067862617118
2024-03-25 04:54:09,8222B极Ⅱ低端换流变角接阀侧首端末屏C相电压UVD1_L3,5,0.010874222793300595
2024-03-25 04:54:09,8222B极Ⅱ低端换流变角接阀侧首端末屏C相电压UVD1_L3,6,0.01162059638596753
2024-03-25 04:54:09,8222B极Ⅱ低端换流变角接阀侧首端末屏C相电压UVD1_L3,7,0.03204185339062499
2024-03-25 04:54:09,8222B极Ⅱ低端换流变角接阀侧首端末屏C相电压UVD1_L3,8,0.015451540870840948
2024-03-25 04:54:09,8222B极Ⅱ低端换流变角接阀侧首端末屏C相电压UVD1_L3,9,0.01227431113548652
2024-03-25 04:54:09,8222B极Ⅱ低端换流变角接阀侧首端末屏C相电压UVD1_L3,10,0.02865168471348168
2024-03-25 04:54:09,8222B极Ⅱ低端换流变角接阀侧首端末屏电压UVD1_ 3Uo,1,0.03971114241366893
2024-03-25 04:54:09,8222B极Ⅱ低端换流变角接阀侧首端末屏电压UVD1_ 3Uo,2,0.02686205703541872
2024-03-25 04:54:09,8222B极Ⅱ低端换流变角接阀侧首端末屏电压UVD1_ 3Uo,3,0.022398482276199085
2024-03-25 04:54:09,8222B极Ⅱ低端换流变角接阀侧首端末屏电压UVD1_ 3Uo,4,0.034676679500928446
2024-03-25 04:54:09,8222B极Ⅱ低端换流变角接阀侧首端末屏电压UVD1_ 3Uo,5,0.023227350799459333
2024-03-25 04:54:09,8222B极Ⅱ低端换流变角接阀侧首端末屏电压UVD1_ 3Uo,6,0.023804371206217406
2024-03-25 04:54:09,8222B极Ⅱ低端换流变角接阀侧首端末屏电压UVD1_ 3Uo,7,0.08704202966332508
2024-03-25 04:54:09,8222B极Ⅱ低端换流变角接阀侧首端末屏电压UVD1_ 3Uo,8,0.02902509742553978
2024-03-25 04:54:09,8222B极Ⅱ低端换流变角接阀侧首端末屏电压UVD1_ 3Uo,9,0.02307627133844065
2024-03-25 04:54:09,8222B极Ⅱ低端换流变角接阀侧首端末屏电压UVD1_ 3Uo,10,0.06559727461407105
2024-03-25 04:54:09,8222B极Ⅱ低端换流变角接阀侧末端末屏A相电压UVD0_L1,1,0.14913435513505932
2024-03-25 04:54:09,8222B极Ⅱ低端换流变角接阀侧末端末屏A相电压UVD0_L1,2,0.011704452708717894
2024-03-25 04:54:09,8222B极Ⅱ低端换流变角接阀侧末端末屏A相电压UVD0_L1,3,0.012889554572262993
2024-03-25 04:54:09,8222B极Ⅱ低端换流变角接阀侧末端末屏A相电压UVD0_L1,4,0.014710365058581493
2024-03-25 04:54:09,8222B极Ⅱ低端换流变角接阀侧末端末屏A相电压UVD0_L1,5,0.010506984069943423
2024-03-25 04:54:09,8222B极Ⅱ低端换流变角接阀侧末端末屏A相电压UVD0_L1,6,0.010664655930334508
2024-03-25 04:54:09,8222B极Ⅱ低端换流变角接阀侧末端末屏A相电压UVD0_L1,7,0.03213407160780689
2024-03-25 04:54:09,8222B极Ⅱ低端换流变角接阀侧末端末屏A相电压UVD0_L1,8,0.012449088857477336
2024-03-25 04:54:09,8222B极Ⅱ低端换流变角接阀侧末端末屏A相电压UVD0_L1,9,0.010113163001877873
2024-03-25 04:54:09,8222B极Ⅱ低端换流变角接阀侧末端末屏A相电压UVD0_L1,10,0.026746411204288573
2024-03-25 04:54:09,8222B极Ⅱ低端换流变角接阀侧末端末屏B相电压UVD0_L2,1,0.11013603914833724
2024-03-25 04:54:09,8222B极Ⅱ低端换流变角接阀侧末端末屏B相电压UVD0_L2,2,0.013056177923242688
2024-03-25 04:54:09,8222B极Ⅱ低端换流变角接阀侧末端末屏B相电压UVD0_L2,3,0.01278501112632245
2024-03-25 04:54:09,8222B极Ⅱ低端换流变角接阀侧末端末屏B相电压UVD0_L2,4,0.016097196027565572
2024-03-25 04:54:09,8222B极Ⅱ低端换流变角接阀侧末端末屏B相电压UVD0_L2,5,0.011176227139492328
2024-03-25 04:54:09,8222B极Ⅱ低端换流变角接阀侧末端末屏B相电压UVD0_L2,6,0.011178635143737788
2024-03-25 04:54:09,8222B极Ⅱ低端换流变角接阀侧末端末屏B相电压UVD0_L2,7,0.032677326447415736
2024-03-25 04:54:09,8222B极Ⅱ低端换流变角接阀侧末端末屏B相电压UVD0_L2,8,0.012565669836138132
2024-03-25 04:54:09,8222B极Ⅱ低端换流变角接阀侧末端末屏B相电压UVD0_L2,9,0.01115218753255825
2024-03-25 04:54:09,8222B极Ⅱ低端换流变角接阀侧末端末屏B相电压UVD0_L2,10,0.027816393445001482
2024-03-25 04:54:09,8222B极Ⅱ低端换流变角接阀侧末端末屏C相电压UVD0_L3,1,0.029961510900963856
2024-03-25 04:54:09,8222B极Ⅱ低端换流变角接阀侧末端末屏C相电压UVD0_L3,2,0.012846290812759885
2024-03-25 04:54:09,8222B极Ⅱ低端换流变角接阀侧末端末屏C相电压UVD0_L3,3,0.010720615690313753
2024-03-25 04:54:09,8222B极Ⅱ低端换流变角接阀侧末端末屏C相电压UVD0_L3,4,0.016209403784544572
2024-03-25 04:54:09,8222B极Ⅱ低端换流变角接阀侧末端末屏C相电压UVD0_L3,5,0.011028689134880516
2024-03-25 04:54:09,8222B极Ⅱ低端换流变角接阀侧末端末屏C相电压UVD0_L3,6,0.010126518819528134
2024-03-25 04:54:09,8222B极Ⅱ低端换流变角接阀侧末端末屏C相电压UVD0_L3,7,0.033000147093571665
2024-03-25 04:54:09,8222B极Ⅱ低端换流变角接阀侧末端末屏C相电压UVD0_L3,8,0.01333987348062279
2024-03-25 04:54:09,8222B极Ⅱ低端换流变角接阀侧末端末屏C相电压UVD0_L3,9,0.012450412683996909
2024-03-25 04:54:09,8222B极Ⅱ低端换流变角接阀侧末端末屏C相电压UVD0_L3,10,0.02575341867762997
2024-03-25 04:54:09,8222B极Ⅱ低端换流变角接阀侧末端末屏电压UVD0_ 3Uo,1,0.036095187843145894
2024-03-25 04:54:09,8222B极Ⅱ低端换流变角接阀侧末端末屏电压UVD0_ 3Uo,2,0.02561843454850767
2024-03-25 04:54:09,8222B极Ⅱ低端换流变角接阀侧末端末屏电压UVD0_ 3Uo,3,0.021232413054777986
2024-03-25 04:54:09,8222B极Ⅱ低端换流变角接阀侧末端末屏电压UVD0_ 3Uo,4,0.03314798918224999
2024-03-25 04:54:09,8222B极Ⅱ低端换流变角接阀侧末端末屏电压UVD0_ 3Uo,5,0.021222219246654874
2024-03-25 04:54:09,8222B极Ⅱ低端换流变角接阀侧末端末屏电压UVD0_ 3Uo,6,0.02153124871295984
2024-03-25 04:54:09,8222B极Ⅱ低端换流变角接阀侧末端末屏电压UVD0_ 3Uo,7,0.0899492446402051
2024-03-25 04:54:09,8222B极Ⅱ低端换流变角接阀侧末端末屏电压UVD0_ 3Uo,8,0.028287688363128744
2024-03-25 04:54:09,8222B极Ⅱ低端换流变角接阀侧末端末屏电压UVD0_ 3Uo,9,0.021264675803693914
2024-03-25 04:54:09,8222B极Ⅱ低端换流变角接阀侧末端末屏电压UVD0_ 3Uo,10,0.06665590677433095
2024-03-25 04:54:09,8221B极Ⅱ低端换流变星接阀侧首端套管A相电流IVY_1_L1,1,0.0010754120975907937
2024-03-25 04:54:09,8221B极Ⅱ低端换流变星接阀侧首端套管A相电流IVY_1_L1,2,0.0012015327620732684
2024-03-25 04:54:09,8221B极Ⅱ低端换流变星接阀侧首端套管A相电流IVY_1_L1,3,0.0010959793467749694
2024-03-25 04:54:09,8221B极Ⅱ低端换流变星接阀侧首端套管A相电流IVY_1_L1,4,0.0011389502553539085
2024-03-25 04:54:09,8221B极Ⅱ低端换流变星接阀侧首端套管A相电流IVY_1_L1,5,0.0011071568394475663
2024-03-25 04:54:09,8221B极Ⅱ低端换流变星接阀侧首端套管A相电流IVY_1_L1,6,0.00113273651554684
2024-03-25 04:54:09,8221B极Ⅱ低端换流变星接阀侧首端套管A相电流IVY_1_L1,7,0.0011175808361985253
2024-03-25 04:54:09,8221B极Ⅱ低端换流变星接阀侧首端套管A相电流IVY_1_L1,8,0.0010727228859337575
2024-03-25 04:54:09,8221B极Ⅱ低端换流变星接阀侧首端套管A相电流IVY_1_L1,9,0.0013295781053335285
2024-03-25 04:54:09,8221B极Ⅱ低端换流变星接阀侧首端套管A相电流IVY_1_L1,10,0.0014671802326127834
2024-03-25 04:54:09,8221B极Ⅱ低端换流变星接阀侧首端套管B相电流IVY_1_L2,1,0.0012386646799592677
2024-03-25 04:54:09,8221B极Ⅱ低端换流变星接阀侧首端套管B相电流IVY_1_L2,2,0.001258932208616378
2024-03-25 04:54:09,8221B极Ⅱ低端换流变星接阀侧首端套管B相电流IVY_1_L2,3,0.0011815532234485332
2024-03-25 04:54:09,8221B极Ⅱ低端换流变星接阀侧首端套管B相电流IVY_1_L2,4,0.0010997345623927764
2024-03-25 04:54:09,8221B极Ⅱ低端换流变星接阀侧首端套管B相电流IVY_1_L2,5,0.00127633646433562
2024-03-25 04:54:09,8221B极Ⅱ低端换流变星接阀侧首端套管B相电流IVY_1_L2,6,0.0012427531767535997
2024-03-25 04:54:09,8221B极Ⅱ低端换流变星接阀侧首端套管B相电流IVY_1_L2,7,0.0011486720925495376
2024-03-25 04:54:09,8221B极Ⅱ低端换流变星接阀侧首端套管B相电流IVY_1_L2,8,0.0011459494598721198
2024-03-25 04:54:09,8221B极Ⅱ低端换流变星接阀侧首端套管B相电流IVY_1_L2,9,0.0011414325568635424
2024-03-25 04:54:09,8221B极Ⅱ低端换流变星接阀侧首端套管B相电流IVY_1_L2,10,0.0014670103281297238
2024-03-25 04:54:09,8221B极Ⅱ低端换流变星接阀侧首端套管C相电流IVY_1_L3,1,0.0010284263183126126
2024-03-25 04:54:09,8221B极Ⅱ低端换流变星接阀侧首端套管C相电流IVY_1_L3,2,0.0010677103482979835
2024-03-25 04:54:09,8221B极Ⅱ低端换流变星接阀侧首端套管C相电流IVY_1_L3,3,0.001319507854840518
2024-03-25 04:54:09,8221B极Ⅱ低端换流变星接阀侧首端套管C相电流IVY_1_L3,4,0.001112269535422724
2024-03-25 04:54:09,8221B极Ⅱ低端换流变星接阀侧首端套管C相电流IVY_1_L3,5,0.0011064339294161857
2024-03-25 04:54:09,8221B极Ⅱ低端换流变星接阀侧首端套管C相电流IVY_1_L3,6,0.001182872265127422
2024-03-25 04:54:09,8221B极Ⅱ低端换流变星接阀侧首端套管C相电流IVY_1_L3,7,0.0012180833191327424
2024-03-25 04:54:09,8221B极Ⅱ低端换流变星接阀侧首端套管C相电流IVY_1_L3,8,0.0013357905505354648
2024-03-25 04:54:09,8221B极Ⅱ低端换流变星接阀侧首端套管C相电流IVY_1_L3,9,0.0011342691178619973
2024-03-25 04:54:09,8221B极Ⅱ低端换流变星接阀侧首端套管C相电流IVY_1_L3,10,0.001466222247917021
2024-03-25 04:54:09,8221B极Ⅱ低端换流变星接阀侧首端套管电流IVY_1_ 3Io,1,0.002160743742222437
2024-03-25 04:54:09,8221B极Ⅱ低端换流变星接阀侧首端套管电流IVY_1_ 3Io,2,0.0018808158165052936
2024-03-25 04:54:09,8221B极Ⅱ低端换流变星接阀侧首端套管电流IVY_1_ 3Io,3,0.0020049710068917198
2024-03-25 04:54:09,8221B极Ⅱ低端换流变星接阀侧首端套管电流IVY_1_ 3Io,4,0.00200798226268778
2024-03-25 04:54:09,8221B极Ⅱ低端换流变星接阀侧首端套管电流IVY_1_ 3Io,5,0.0020225247292791743
2024-03-25 04:54:09,8221B极Ⅱ低端换流变星接阀侧首端套管电流IVY_1_ 3Io,6,0.002170377515389167
2024-03-25 04:54:09,8221B极Ⅱ低端换流变星接阀侧首端套管电流IVY_1_ 3Io,7,0.001873939997747779
2024-03-25 04:54:09,8221B极Ⅱ低端换流变星接阀侧首端套管电流IVY_1_ 3Io,8,0.001849970441704809
2024-03-25 04:54:09,8221B极Ⅱ低端换流变星接阀侧首端套管电流IVY_1_ 3Io,9,0.0019815215503663727
2024-03-25 04:54:09,8221B极Ⅱ低端换流变星接阀侧首端套管电流IVY_1_ 3Io,10,0.0026880740800221733
2024-03-25 04:54:09,8222B极Ⅱ低端换流变角接网侧末端套管A相电流Iac_D_0_L1,1,0.0011129180740049437
2024-03-25 04:54:09,8222B极Ⅱ低端换流变角接网侧末端套管A相电流Iac_D_0_L1,2,0.0011731266341029024
2024-03-25 04:54:09,8222B极Ⅱ低端换流变角接网侧末端套管A相电流Iac_D_0_L1,3,0.0010997885906751533
2024-03-25 04:54:09,8222B极Ⅱ低端换流变角接网侧末端套管A相电流Iac_D_0_L1,4,0.0011587986580266715
2024-03-25 04:54:09,8222B极Ⅱ低端换流变角接网侧末端套管A相电流Iac_D_0_L1,5,0.0011269812796832806
2024-03-25 04:54:09,8222B极Ⅱ低端换流变角接网侧末端套管A相电流Iac_D_0_L1,6,0.001108971081685453
2024-03-25 04:54:09,8222B极Ⅱ低端换流变角接网侧末端套管A相电流Iac_D_0_L1,7,0.001352829722183809
2024-03-25 04:54:09,8222B极Ⅱ低端换流变角接网侧末端套管A相电流Iac_D_0_L1,8,0.0010796703175844804
2024-03-25 04:54:09,8222B极Ⅱ低端换流变角接网侧末端套管A相电流Iac_D_0_L1,9,0.0010624238500453053
2024-03-25 04:54:09,8222B极Ⅱ低端换流变角接网侧末端套管A相电流Iac_D_0_L1,10,0.0014668593897284943
2024-03-25 04:54:09,8222B极Ⅱ低端换流变角接网侧末端套管B相电流Iac_D_0_L2,1,0.0012437401089962997
2024-03-25 04:54:09,8222B极Ⅱ低端换流变角接网侧末端套管B相电流Iac_D_0_L2,2,0.0012333114348424723
2024-03-25 04:54:09,8222B极Ⅱ低端换流变角接网侧末端套管B相电流Iac_D_0_L2,3,0.0011907451216974104
2024-03-25 04:54:09,8222B极Ⅱ低端换流变角接网侧末端套管B相电流Iac_D_0_L2,4,0.0010736623486014894
2024-03-25 04:54:09,8222B极Ⅱ低端换流变角接网侧末端套管B相电流Iac_D_0_L2,5,0.001222290052316183
2024-03-25 04:54:09,8222B极Ⅱ低端换流变角接网侧末端套管B相电流Iac_D_0_L2,6,0.0011778922981101748
2024-03-25 04:54:09,8222B极Ⅱ低端换流变角接网侧末端套管B相电流Iac_D_0_L2,7,0.001277341139289187
2024-03-25 04:54:09,8222B极Ⅱ低端换流变角接网侧末端套管B相电流Iac_D_0_L2,8,0.0011666521680154644
2024-03-25 04:54:09,8222B极Ⅱ低端换流变角接网侧末端套管B相电流Iac_D_0_L2,9,0.0011660047385436136
2024-03-25 04:54:09,8222B极Ⅱ低端换流变角接网侧末端套管B相电流Iac_D_0_L2,10,0.0018334350784742748
2024-03-25 04:54:09,8222B极Ⅱ低端换流变角接网侧末端套管C相电流Iac_D_0_L3,1,0.0011847744193639268
2024-03-25 04:54:09,8222B极Ⅱ低端换流变角接网侧末端套管C相电流Iac_D_0_L3,2,0.0011416034792718264
2024-03-25 04:54:09,8222B极Ⅱ低端换流变角接网侧末端套管C相电流Iac_D_0_L3,3,0.0013722925435755457
2024-03-25 04:54:09,8222B极Ⅱ低端换流变角接网侧末端套管C相电流Iac_D_0_L3,4,0.001181385178692934
2024-03-25 04:54:09,8222B极Ⅱ低端换流变角接网侧末端套管C相电流Iac_D_0_L3,5,0.0012228101378413624
2024-03-25 04:54:09,8222B极Ⅱ低端换流变角接网侧末端套管C相电流Iac_D_0_L3,6,0.0010800477420918211
2024-03-25 04:54:09,8222B极Ⅱ低端换流变角接网侧末端套管C相电流Iac_D_0_L3,7,0.0011667892120560712
2024-03-25 04:54:09,8222B极Ⅱ低端换流变角接网侧末端套管C相电流Iac_D_0_L3,8,0.0011264946017726677
2024-03-25 04:54:09,8222B极Ⅱ低端换流变角接网侧末端套管C相电流Iac_D_0_L3,9,0.0012342181176938029
2024-03-25 04:54:09,8222B极Ⅱ低端换流变角接网侧末端套管C相电流Iac_D_0_L3,10,0.001467372165409635
2024-03-25 04:54:09,8222B极Ⅱ低端换流变角接网侧末端套管电流Iac_D_0_ 3Io,1,0.001976660767417202
2024-03-25 04:54:09,8222B极Ⅱ低端换流变角接网侧末端套管电流Iac_D_0_ 3Io,2,0.002005497124105404
2024-03-25 04:54:09,8222B极Ⅱ低端换流变角接网侧末端套管电流Iac_D_0_ 3Io,3,0.002068910517949836
2024-03-25 04:54:09,8222B极Ⅱ低端换流变角接网侧末端套管电流Iac_D_0_ 3Io,4,0.0021178367419437652
2024-03-25 04:54:09,8222B极Ⅱ低端换流变角接网侧末端套管电流Iac_D_0_ 3Io,5,0.002139044127084641
2024-03-25 04:54:09,8222B极Ⅱ低端换流变角接网侧末端套管电流Iac_D_0_ 3Io,6,0.0018920845673305415
2024-03-25 04:54:09,8222B极Ⅱ低端换流变角接网侧末端套管电流Iac_D_0_ 3Io,7,0.0019510105118460525
2024-03-25 04:54:09,8222B极Ⅱ低端换流变角接网侧末端套管电流Iac_D_0_ 3Io,8,0.0020974662408835922
2024-03-25 04:54:09,8222B极Ⅱ低端换流变角接网侧末端套管电流Iac_D_0_ 3Io,9,0.002071738013840683
2024-03-25 04:54:09,8222B极Ⅱ低端换流变角接网侧末端套管电流Iac_D_0_ 3Io,10,0.0031793063583875425
2024-03-25 04:54:09,8221B极Ⅱ低端换流变星接阀侧末端末屏A相电压UVY0_L1,1,0.024317896353363358
2024-03-25 04:54:09,8221B极Ⅱ低端换流变星接阀侧末端末屏A相电压UVY0_L1,2,0.011076550076117247
2024-03-25 04:54:09,8221B极Ⅱ低端换流变星接阀侧末端末屏A相电压UVY0_L1,3,0.010131310615471028
2024-03-25 04:54:09,8221B极Ⅱ低端换流变星接阀侧末端末屏A相电压UVY0_L1,4,0.010144995077458595
2024-03-25 04:54:09,8221B极Ⅱ低端换流变星接阀侧末端末屏A相电压UVY0_L1,5,0.009196148409950438
2024-03-25 04:54:09,8221B极Ⅱ低端换流变星接阀侧末端末屏A相电压UVY0_L1,6,0.0100897187918943
2024-03-25 04:54:09,8221B极Ⅱ低端换流变星接阀侧末端末屏A相电压UVY0_L1,7,0.010321082955705446
2024-03-25 04:54:09,8221B极Ⅱ低端换流变星接阀侧末端末屏A相电压UVY0_L1,8,0.010389823464183658
2024-03-25 04:54:09,8221B极Ⅱ低端换流变星接阀侧末端末屏A相电压UVY0_L1,9,0.009421513446669779
2024-03-25 04:54:09,8221B极Ⅱ低端换流变星接阀侧末端末屏A相电压UVY0_L1,10,0.012850618628580331
2024-03-25 04:54:09,8221B极Ⅱ低端换流变星接阀侧末端末屏B相电压UVY0_L2,1,0.013730444067688643
2024-03-25 04:54:09,8221B极Ⅱ低端换流变星接阀侧末端末屏B相电压UVY0_L2,2,0.011726832057569081
2024-03-25 04:54:09,8221B极Ⅱ低端换流变星接阀侧末端末屏B相电压UVY0_L2,3,0.010458406237282065
2024-03-25 04:54:09,8221B极Ⅱ低端换流变星接阀侧末端末屏B相电压UVY0_L2,4,0.00995042655578954
2024-03-25 04:54:09,8221B极Ⅱ低端换流变星接阀侧末端末屏B相电压UVY0_L2,5,0.009842274836704848
2024-03-25 04:54:09,8221B极Ⅱ低端换流变星接阀侧末端末屏B相电压UVY0_L2,6,0.010333676412234465
2024-03-25 04:54:09,8221B极Ⅱ低端换流变星接阀侧末端末屏B相电压UVY0_L2,7,0.010468704767774579
2024-03-25 04:54:09,8221B极Ⅱ低端换流变星接阀侧末端末屏B相电压UVY0_L2,8,0.010821387286997873
2024-03-25 04:54:09,8221B极Ⅱ低端换流变星接阀侧末端末屏B相电压UVY0_L2,9,0.00989916362266453
2024-03-25 04:54:09,8221B极Ⅱ低端换流变星接阀侧末端末屏B相电压UVY0_L2,10,0.012113569029822972
2024-03-25 04:54:09,8221B极Ⅱ低端换流变星接阀侧末端末屏C相电压UVY0_L3,1,0.01742014613058176
2024-03-25 04:54:09,8221B极Ⅱ低端换流变星接阀侧末端末屏C相电压UVY0_L3,2,0.013463677015436748
2024-03-25 04:54:09,8221B极Ⅱ低端换流变星接阀侧末端末屏C相电压UVY0_L3,3,0.010917878333402499
2024-03-25 04:54:09,8221B极Ⅱ低端换流变星接阀侧末端末屏C相电压UVY0_L3,4,0.011478048163005423
2024-03-25 04:54:09,8221B极Ⅱ低端换流变星接阀侧末端末屏C相电压UVY0_L3,5,0.00979990901238265
2024-03-25 04:54:09,8221B极Ⅱ低端换流变星接阀侧末端末屏C相电压UVY0_L3,6,0.011181116445813748
2024-03-25 04:54:09,8221B极Ⅱ低端换流变星接阀侧末端末屏C相电压UVY0_L3,7,0.010809472923009086
2024-03-25 04:54:09,8221B极Ⅱ低端换流变星接阀侧末端末屏C相电压UVY0_L3,8,0.009549056959729787
2024-03-25 04:54:09,8221B极Ⅱ低端换流变星接阀侧末端末屏C相电压UVY0_L3,9,0.010803610394659631
2024-03-25 04:54:09,8221B极Ⅱ低端换流变星接阀侧末端末屏C相电压UVY0_L3,10,0.014280755502131145
2024-03-25 04:54:09,8221B极Ⅱ低端换流变星接阀侧末端末屏电压UVY0_ 3Uo,1,0.04308370328757436
2024-03-25 04:54:09,8221B极Ⅱ低端换流变星接阀侧末端末屏电压UVY0_ 3Uo,2,0.020776295281158038
2024-03-25 04:54:09,8221B极Ⅱ低端换流变星接阀侧末端末屏电压UVY0_ 3Uo,3,0.016972943287425362
2024-03-25 04:54:09,8221B极Ⅱ低端换流变星接阀侧末端末屏电压UVY0_ 3Uo,4,0.01809490619151966
2024-03-25 04:54:09,8221B极Ⅱ低端换流变星接阀侧末端末屏电压UVY0_ 3Uo,5,0.018805493858291587
2024-03-25 04:54:09,8221B极Ⅱ低端换流变星接阀侧末端末屏电压UVY0_ 3Uo,6,0.020062249228114292
2024-03-25 04:54:09,8221B极Ⅱ低端换流变星接阀侧末端末屏电压UVY0_ 3Uo,7,0.01785682835084919
2024-03-25 04:54:09,8221B极Ⅱ低端换流变星接阀侧末端末屏电压UVY0_ 3Uo,8,0.018654069647880207
2024-03-25 04:54:09,8221B极Ⅱ低端换流变星接阀侧末端末屏电压UVY0_ 3Uo,9,0.01758532820257946
2024-03-25 04:54:09,8221B极Ⅱ低端换流变星接阀侧末端末屏电压UVY0_ 3Uo,10,0.021796941818258524
2024-03-25 04:54:09,8222B极Ⅱ低端换流变角接阀侧首端套管A相电流IVD_1_L1,1,0.001157701629452779
2024-03-25 04:54:09,8222B极Ⅱ低端换流变角接阀侧首端套管A相电流IVD_1_L1,2,0.0012451995390093753
2024-03-25 04:54:09,8222B极Ⅱ低端换流变角接阀侧首端套管A相电流IVD_1_L1,3,0.0011918894022995747
2024-03-25 04:54:09,8222B极Ⅱ低端换流变角接阀侧首端套管A相电流IVD_1_L1,4,0.001172880624868618
2024-03-25 04:54:09,8222B极Ⅱ低端换流变角接阀侧首端套管A相电流IVD_1_L1,5,0.0011267449473099387
2024-03-25 04:54:09,8222B极Ⅱ低端换流变角接阀侧首端套管A相电流IVD_1_L1,6,0.0010611768801696087
2024-03-25 04:54:09,8222B极Ⅱ低端换流变角接阀侧首端套管A相电流IVD_1_L1,7,0.0010731037020570468
2024-03-25 04:54:09,8222B极Ⅱ低端换流变角接阀侧首端套管A相电流IVD_1_L1,8,0.0011016046645167148
2024-03-25 04:54:09,8222B极Ⅱ低端换流变角接阀侧首端套管A相电流IVD_1_L1,9,0.0010538283536569203
2024-03-25 04:54:09,8222B极Ⅱ低端换流变角接阀侧首端套管A相电流IVD_1_L1,10,0.0013443391349564143
2024-03-25 04:54:09,8222B极Ⅱ低端换流变角接阀侧首端套管B相电流IVD_1_L2,1,0.0012352489471360874
2024-03-25 04:54:09,8222B极Ⅱ低端换流变角接阀侧首端套管B相电流IVD_1_L2,2,0.0012749916663871842
2024-03-25 04:54:09,8222B极Ⅱ低端换流变角接阀侧首端套管B相电流IVD_1_L2,3,0.0011804837195025248
2024-03-25 04:54:09,8222B极Ⅱ低端换流变角接阀侧首端套管B相电流IVD_1_L2,4,0.0011015859699797926
2024-03-25 04:54:09,8222B极Ⅱ低端换流变角接阀侧首端套管B相电流IVD_1_L2,5,0.001107278417738057
2024-03-25 04:54:09,8222B极Ⅱ低端换流变角接阀侧首端套管B相电流IVD_1_L2,6,0.0010412106764600521
2024-03-25 04:54:09,8222B极Ⅱ低端换流变角接阀侧首端套管B相电流IVD_1_L2,7,0.0011745486888465634
2024-03-25 04:54:09,8222B极Ⅱ低端换流变角接阀侧首端套管B相电流IVD_1_L2,8,0.001162937123577025
2024-03-25 04:54:09,8222B极Ⅱ低端换流变角接阀侧首端套管B相电流IVD_1_L2,9,0.001045466878117627
2024-03-25 04:54:09,8222B极Ⅱ低端换流变角接阀侧首端套管B相电流IVD_1_L2,10,0.0013450629000661064
2024-03-25 04:54:09,8222B极Ⅱ低端换流变角接阀侧首端套管C相电流IVD_1_L3,1,0.0010923718107732712
2024-03-25 04:54:09,8222B极Ⅱ低端换流变角接阀侧首端套管C相电流IVD_1_L3,2,0.0010613814475565766
2024-03-25 04:54:09,8222B极Ⅱ低端换流变角接阀侧首端套管C相电流IVD_1_L3,3,0.001196652004460599
2024-03-25 04:54:09,8222B极Ⅱ低端换流变角接阀侧首端套管C相电流IVD_1_L3,4,0.0012454395811933965
2024-03-25 04:54:09,8222B极Ⅱ低端换流变角接阀侧首端套管C相电流IVD_1_L3,5,0.0012223620806217437
2024-03-25 04:54:09,8222B极Ⅱ低端换流变角接阀侧首端套管C相电流IVD_1_L3,6,0.0012500136744425393
2024-03-25 04:54:09,8222B极Ⅱ低端换流变角接阀侧首端套管C相电流IVD_1_L3,7,0.0012140463215380844
2024-03-25 04:54:09,8222B极Ⅱ低端换流变角接阀侧首端套管C相电流IVD_1_L3,8,0.0012101579410080557
2024-03-25 04:54:09,8222B极Ⅱ低端换流变角接阀侧首端套管C相电流IVD_1_L3,9,0.0011117913408649626
2024-03-25 04:54:09,8222B极Ⅱ低端换流变角接阀侧首端套管C相电流IVD_1_L3,10,0.0018335431209326157
2024-03-25 04:54:09,8222B极Ⅱ低端换流变角接阀侧首端套管电流IVD_1_ 3Io,1,0.0019469265240070223
2024-03-25 04:54:09,8222B极Ⅱ低端换流变角接阀侧首端套管电流IVD_1_ 3Io,2,0.001783999744741504
2024-03-25 04:54:09,8222B极Ⅱ低端换流变角接阀侧首端套管电流IVD_1_ 3Io,3,0.0019063298872366839
2024-03-25 04:54:09,8222B极Ⅱ低端换流变角接阀侧首端套管电流IVD_1_ 3Io,4,0.002211954797209374
2024-03-25 04:54:09,8222B极Ⅱ低端换流变角接阀侧首端套管电流IVD_1_ 3Io,5,0.002203644513679215
2024-03-25 04:54:09,8222B极Ⅱ低端换流变角接阀侧首端套管电流IVD_1_ 3Io,6,0.0019370857358618709
2024-03-25 04:54:09,8222B极Ⅱ低端换流变角接阀侧首端套管电流IVD_1_ 3Io,7,0.0017775469360544014
2024-03-25 04:54:09,8222B极Ⅱ低端换流变角接阀侧首端套管电流IVD_1_ 3Io,8,0.001927044713467428
2024-03-25 04:54:09,8222B极Ⅱ低端换流变角接阀侧首端套管电流IVD_1_ 3Io,9,0.001783047787911496
2024-03-25 04:54:09,8222B极Ⅱ低端换流变角接阀侧首端套管电流IVD_1_ 3Io,10,0.002566960319914824
2024-03-25 04:54:09,8222B极Ⅱ低端换流变角接网侧中性点电流IGNDD,1,0.001137862417840914
2024-03-25 04:54:09,8222B极Ⅱ低端换流变角接网侧中性点电流IGNDD,2,0.0012157909005236483
2024-03-25 04:54:09,8222B极Ⅱ低端换流变角接网侧中性点电流IGNDD,3,0.0015332837840634315
2024-03-25 04:54:09,8222B极Ⅱ低端换流变角接网侧中性点电流IGNDD,4,0.0011515332091510803
2024-03-25 04:54:09,8222B极Ⅱ低端换流变角接网侧中性点电流IGNDD,5,0.0011269891726077598
2024-03-25 04:54:09,8222B极Ⅱ低端换流变角接网侧中性点电流IGNDD,6,0.001166748888911979
2024-03-25 04:54:09,8222B极Ⅱ低端换流变角接网侧中性点电流IGNDD,7,0.0010828598254493415
2024-03-25 04:54:09,8222B极Ⅱ低端换流变角接网侧中性点电流IGNDD,8,0.0010383785189132294
2024-03-25 04:54:09,8222B极Ⅱ低端换流变角接网侧中性点电流IGNDD,9,0.0011759098371858182
2024-03-25 04:54:09,8222B极Ⅱ低端换流变角接网侧中性点电流IGNDD,10,0.0014668696630228187
2024-03-25 04:54:09,8221B极Ⅱ低端换流变星接网侧中性点电流IGNDY,1,0.0011403687861929579
2024-03-25 04:54:09,8221B极Ⅱ低端换流变星接网侧中性点电流IGNDY,2,0.0012203529313462083
2024-03-25 04:54:09,8221B极Ⅱ低端换流变星接网侧中性点电流IGNDY,3,0.0011829639711077305
2024-03-25 04:54:09,8221B极Ⅱ低端换流变星接网侧中性点电流IGNDY,4,0.0013155763219585303
2024-03-25 04:54:09,8221B极Ⅱ低端换流变星接网侧中性点电流IGNDY,5,0.001276798991539332
2024-03-25 04:54:09,8221B极Ⅱ低端换流变星接网侧中性点电流IGNDY,6,0.001173672531279601
2024-03-25 04:54:09,8221B极Ⅱ低端换流变星接网侧中性点电流IGNDY,7,0.0011502371423480992
2024-03-25 04:54:09,8221B极Ⅱ低端换流变星接网侧中性点电流IGNDY,8,0.0011209414622208888
2024-03-25 04:54:09,8221B极Ⅱ低端换流变星接网侧中性点电流IGNDY,9,0.0011431971144372725
2024-03-25 04:54:09,8221B极Ⅱ低端换流变星接网侧中性点电流IGNDY,10,0.0014675419711109477
2024-03-25 04:54:09,6#线路Ic,1,0.001140839064305081
2024-03-25 04:54:09,6#线路Ic,2,0.00117449556792838
2024-03-25 04:54:09,6#线路Ic,3,0.0012843885925902328
2024-03-25 04:54:09,6#线路Ic,4,0.0010870303914182562
2024-03-25 04:54:09,6#线路Ic,5,0.001127063396455264
2024-03-25 04:54:09,6#线路Ic,6,0.00119011949918006
2024-03-25 04:54:09,6#线路Ic,7,0.0011644053690092328
2024-03-25 04:54:09,6#线路Ic,8,0.0013568529386211246
2024-03-25 04:54:09,6#线路Ic,9,0.0011234751228718465
2024-03-25 04:54:09,6#线路Ic,10,0.0014669662715021399
2024-03-25 04:54:09,6#线路3Io,1,0.0011632672581824864
2024-03-25 04:54:09,6#线路3Io,2,0.001202116021015989
2024-03-25 04:54:09,6#线路3Io,3,0.0011182021880352996
2024-03-25 04:54:09,6#线路3Io,4,0.001168107852864986
2024-03-25 04:54:09,6#线路3Io,5,0.001128301826663572
2024-03-25 04:54:09,6#线路3Io,6,0.0010160097358694429
2024-03-25 04:54:09,6#线路3Io,7,0.0012028788633370554
2024-03-25 04:54:09,6#线路3Io,8,0.0013196999115323116
2024-03-25 04:54:09,6#线路3Io,9,0.0011559466281727054
2024-03-25 04:54:09,6#线路3Io,10,0.0014685781991264184
2024-03-25 04:54:09,8221B极Ⅱ低端换流变星接网侧首端套管A相电流Iac_Y_1_L1,1,0.001051979948506883
2024-03-25 04:54:09,8221B极Ⅱ低端换流变星接网侧首端套管A相电流Iac_Y_1_L1,2,0.0011127895866181842
2024-03-25 04:54:09,8221B极Ⅱ低端换流变星接网侧首端套管A相电流Iac_Y_1_L1,3,0.0011444393286535065
2024-03-25 04:54:09,8221B极Ⅱ低端换流变星接网侧首端套管A相电流Iac_Y_1_L1,4,0.0013168601227072079
2024-03-25 04:54:09,8221B极Ⅱ低端换流变星接网侧首端套管A相电流Iac_Y_1_L1,5,0.0010933685137709
2024-03-25 04:54:09,8221B极Ⅱ低端换流变星接网侧首端套管A相电流Iac_Y_1_L1,6,0.0011044590861882197
2024-03-25 04:54:09,8221B极Ⅱ低端换流变星接网侧首端套管A相电流Iac_Y_1_L1,7,0.0011820407348508988
2024-03-25 04:54:09,8221B极Ⅱ低端换流变星接网侧首端套管A相电流Iac_Y_1_L1,8,0.0010384055104657286
2024-03-25 04:54:09,8221B极Ⅱ低端换流变星接网侧首端套管A相电流Iac_Y_1_L1,9,0.0011748517034174783
2024-03-25 04:54:09,8221B极Ⅱ低端换流变星接网侧首端套管A相电流Iac_Y_1_L1,10,0.0015891501088122462
2024-03-25 04:54:09,8221B极Ⅱ低端换流变星接网侧首端套管B相电流Iac_Y_1_L2,1,0.0011447126601886555
2024-03-25 04:54:09,8221B极Ⅱ低端换流变星接网侧首端套管B相电流Iac_Y_1_L2,2,0.0012193508446007684
2024-03-25 04:54:09,8221B极Ⅱ低端换流变星接网侧首端套管B相电流Iac_Y_1_L2,3,0.001195360864469244
2024-03-25 04:54:09,8221B极Ⅱ低端换流变星接网侧首端套管B相电流Iac_Y_1_L2,4,0.0010904787436086384
2024-03-25 04:54:09,8221B极Ⅱ低端换流变星接网侧首端套管B相电流Iac_Y_1_L2,5,0.0013233077688088583
2024-03-25 04:54:09,8221B极Ⅱ低端换流变星接网侧首端套管B相电流Iac_Y_1_L2,6,0.0011756050424910518
2024-03-25 04:54:09,8221B极Ⅱ低端换流变星接网侧首端套管B相电流Iac_Y_1_L2,7,0.0012331933805937605
2024-03-25 04:54:09,8221B极Ⅱ低端换流变星接网侧首端套管B相电流Iac_Y_1_L2,8,0.0011377296028036706
2024-03-25 04:54:09,8221B极Ⅱ低端换流变星接网侧首端套管B相电流Iac_Y_1_L2,9,0.0011745149487290502
2024-03-25 04:54:09,8221B极Ⅱ低端换流变星接网侧首端套管B相电流Iac_Y_1_L2,10,0.0014680781580492766
2024-03-25 04:54:09,8221B极Ⅱ低端换流变星接网侧首端套管C相电流Iac_Y_1_L3,1,0.0012880710109888832
2024-03-25 04:54:09,8221B极Ⅱ低端换流变星接网侧首端套管C相电流Iac_Y_1_L3,2,0.0011347265047529946
2024-03-25 04:54:09,8221B极Ⅱ低端换流变星接网侧首端套管C相电流Iac_Y_1_L3,3,0.0013275874903613258
2024-03-25 04:54:09,8221B极Ⅱ低端换流变星接网侧首端套管C相电流Iac_Y_1_L3,4,0.0011781894701280572
2024-03-25 04:54:09,8221B极Ⅱ低端换流变星接网侧首端套管C相电流Iac_Y_1_L3,5,0.0012241552973169805
2024-03-25 04:54:09,8221B极Ⅱ低端换流变星接网侧首端套管C相电流Iac_Y_1_L3,6,0.001285033637698017
2024-03-25 04:54:09,8221B极Ⅱ低端换流变星接网侧首端套管C相电流Iac_Y_1_L3,7,0.001133474475301073
2024-03-25 04:54:09,8221B极Ⅱ低端换流变星接网侧首端套管C相电流Iac_Y_1_L3,8,0.0011368786569774933
2024-03-25 04:54:09,8221B极Ⅱ低端换流变星接网侧首端套管C相电流Iac_Y_1_L3,9,0.0011824275903341943
2024-03-25 04:54:09,8221B极Ⅱ低端换流变星接网侧首端套管C相电流Iac_Y_1_L3,10,0.0017138174162437728
2024-03-25 04:54:09,8221B极Ⅱ低端换流变星接网侧首端套管零序电流Iac_Y_1_3I0,1,0.0012387801320966148
2024-03-25 04:54:09,8221B极Ⅱ低端换流变星接网侧首端套管零序电流Iac_Y_1_3I0,2,0.0011461690577808051
2024-03-25 04:54:09,8221B极Ⅱ低端换流变星接网侧首端套管零序电流Iac_Y_1_3I0,3,0.0012009235572644575
2024-03-25 04:54:09,8221B极Ⅱ低端换流变星接网侧首端套管零序电流Iac_Y_1_3I0,4,0.001159139988189858
2024-03-25 04:54:09,8221B极Ⅱ低端换流变星接网侧首端套管零序电流Iac_Y_1_3I0,5,0.0012042620792511417
2024-03-25 04:54:09,8221B极Ⅱ低端换流变星接网侧首端套管零序电流Iac_Y_1_3I0,6,0.001323377091659031
2024-03-25 04:54:09,8221B极Ⅱ低端换流变星接网侧首端套管零序电流Iac_Y_1_3I0,7,0.001201573570088832
2024-03-25 04:54:09,8221B极Ⅱ低端换流变星接网侧首端套管零序电流Iac_Y_1_3I0,8,0.0011551473001587616
2024-03-25 04:54:09,8221B极Ⅱ低端换流变星接网侧首端套管零序电流Iac_Y_1_3I0,9,0.0012340683032039574
2024-03-25 04:54:09,8221B极Ⅱ低端换流变星接网侧首端套管零序电流Iac_Y_1_3I0,10,0.0013450171723818332
2024-03-25 04:54:09,6#母线Ua,1,0.004854039104914613
2024-03-25 04:54:09,6#母线Ua,2,0.005251578225600092
2024-03-25 04:54:09,6#母线Ua,3,0.004663979172969642
2024-03-25 04:54:09,6#母线Ua,4,0.005390265865489886
2024-03-25 04:54:09,6#母线Ua,5,0.005219681198453716
2024-03-25 04:54:09,6#母线Ua,6,0.0051729332284471095
2024-03-25 04:54:09,6#母线Ua,7,0.00493512542488102
2024-03-25 04:54:09,6#母线Ua,8,0.00561620598262261
2024-03-25 04:54:09,6#母线Ua,9,0.005454119076333034
2024-03-25 04:54:09,6#母线Ua,10,0.0071526352070639
2024-03-25 04:54:09,6#母线Ub,1,0.005295836636094176
2024-03-25 04:54:09,6#母线Ub,2,0.005480939912596261
2024-03-25 04:54:09,6#母线Ub,3,0.005524481759421278
2024-03-25 04:54:09,6#母线Ub,4,0.0048326453058863345
2024-03-25 04:54:09,6#母线Ub,5,0.005664276100709956
2024-03-25 04:54:09,6#母线Ub,6,0.004982338649405556
2024-03-25 04:54:09,6#母线Ub,7,0.005040720600416634
2024-03-25 04:54:09,6#母线Ub,8,0.005136268649019115
2024-03-25 04:54:09,6#母线Ub,9,0.005557221875388704
2024-03-25 04:54:09,6#母线Ub,10,0.006051794426818482
2024-03-25 04:54:09,6#母线Uc,1,0.004879629860436243
2024-03-25 04:54:09,6#母线Uc,2,0.005680632212481669
2024-03-25 04:54:09,6#母线Uc,3,0.0049889827261702085
2024-03-25 04:54:09,6#母线Uc,4,0.005489473703375963
2024-03-25 04:54:09,6#母线Uc,5,0.006150487660247305
2024-03-25 04:54:09,6#母线Uc,6,0.00522608275148866
2024-03-25 04:54:09,6#母线Uc,7,0.004980748557412175
2024-03-25 04:54:09,6#母线Uc,8,0.0052946001271193
2024-03-25 04:54:09,6#母线Uc,9,0.005204995623221532
2024-03-25 04:54:09,6#母线Uc,10,0.007151512421604942
2024-03-25 04:54:09,6#母线3Uo,1,0.005801123267824212
2024-03-25 04:54:09,6#母线3Uo,2,0.005655954952064526
2024-03-25 04:54:09,6#母线3Uo,3,0.005270255478096031
2024-03-25 04:54:09,6#母线3Uo,4,0.005251997081362587
2024-03-25 04:54:09,6#母线3Uo,5,0.004981171542080928
2024-03-25 04:54:09,6#母线3Uo,6,0.004776350569257654
2024-03-25 04:54:09,6#母线3Uo,7,0.0050406376848636004
2024-03-25 04:54:09,6#母线3Uo,8,0.005160578257546388
2024-03-25 04:54:09,6#母线3Uo,9,0.005177199569990938
2024-03-25 04:54:09,6#母线3Uo,10,0.006600940500391126
2024-03-25 04:54:09,8221B极Ⅱ低端换流变星接阀侧末端套管A相电流IVY_0_L1,1,0.0011689908083149392
2024-03-25 04:54:09,8221B极Ⅱ低端换流变星接阀侧末端套管A相电流IVY_0_L1,2,0.0011548013909314237
2024-03-25 04:54:09,8221B极Ⅱ低端换流变星接阀侧末端套管A相电流IVY_0_L1,3,0.0011517551464434639
2024-03-25 04:54:09,8221B极Ⅱ低端换流变星接阀侧末端套管A相电流IVY_0_L1,4,0.0013337222381400032
2024-03-25 04:54:09,8221B极Ⅱ低端换流变星接阀侧末端套管A相电流IVY_0_L1,5,0.0012284734131186427
2024-03-25 04:54:09,8221B极Ⅱ低端换流变星接阀侧末端套管A相电流IVY_0_L1,6,0.001470413395567599
2024-03-25 04:54:09,8221B极Ⅱ低端换流变星接阀侧末端套管A相电流IVY_0_L1,7,0.0011592796987611028
2024-03-25 04:54:09,8221B极Ⅱ低端换流变星接阀侧末端套管A相电流IVY_0_L1,8,0.0013119553456302502
2024-03-25 04:54:09,8221B极Ⅱ低端换流变星接阀侧末端套管A相电流IVY_0_L1,9,0.001149877103073352
2024-03-25 04:54:09,8221B极Ⅱ低端换流变星接阀侧末端套管A相电流IVY_0_L1,10,0.0014668520798848093
2024-03-25 04:54:09,8221B极Ⅱ低端换流变星接阀侧末端套管B相电流IVY_0_L2,1,0.0011226591996875432
2024-03-25 04:54:09,8221B极Ⅱ低端换流变星接阀侧末端套管B相电流IVY_0_L2,2,0.0014794800627471185
2024-03-25 04:54:09,8221B极Ⅱ低端换流变星接阀侧末端套管B相电流IVY_0_L2,3,0.001171360360968269
2024-03-25 04:54:09,8221B极Ⅱ低端换流变星接阀侧末端套管B相电流IVY_0_L2,4,0.0011139563884264363
2024-03-25 04:54:09,8221B极Ⅱ低端换流变星接阀侧末端套管B相电流IVY_0_L2,5,0.0011544409269801958
2024-03-25 04:54:09,8221B极Ⅱ低端换流变星接阀侧末端套管B相电流IVY_0_L2,6,0.0011455289394263289
2024-03-25 04:54:09,8221B极Ⅱ低端换流变星接阀侧末端套管B相电流IVY_0_L2,7,0.001056691586505971
2024-03-25 04:54:09,8221B极Ⅱ低端换流变星接阀侧末端套管B相电流IVY_0_L2,8,0.0010625474530714645
2024-03-25 04:54:09,8221B极Ⅱ低端换流变星接阀侧末端套管B相电流IVY_0_L2,9,0.001171360360968268
2024-03-25 04:54:09,8221B极Ⅱ低端换流变星接阀侧末端套管B相电流IVY_0_L2,10,0.001468445922229901
2024-03-25 04:54:09,8221B极Ⅱ低端换流变星接阀侧末端套管C相电流IVY_0_L3,1,0.0011260186396688052
2024-03-25 04:54:09,8221B极Ⅱ低端换流变星接阀侧末端套管C相电流IVY_0_L3,2,0.0011278147238907822
2024-03-25 04:54:09,8221B极Ⅱ低端换流变星接阀侧末端套管C相电流IVY_0_L3,3,0.0011324213716869072
2024-03-25 04:54:09,8221B极Ⅱ低端换流变星接阀侧末端套管C相电流IVY_0_L3,4,0.0011936771297508242
2024-03-25 04:54:09,8221B极Ⅱ低端换流变星接阀侧末端套管C相电流IVY_0_L3,5,0.0011085993051122276
2024-03-25 04:54:09,8221B极Ⅱ低端换流变星接阀侧末端套管C相电流IVY_0_L3,6,0.001108688230255522
2024-03-25 04:54:09,8221B极Ⅱ低端换流变星接阀侧末端套管C相电流IVY_0_L3,7,0.0013973300572563774
2024-03-25 04:54:09,8221B极Ⅱ低端换流变星接阀侧末端套管C相电流IVY_0_L3,8,0.0011313167222018856
2024-03-25 04:54:09,8221B极Ⅱ低端换流变星接阀侧末端套管C相电流IVY_0_L3,9,0.0010807599489619127
2024-03-25 04:54:09,8221B极Ⅱ低端换流变星接阀侧末端套管C相电流IVY_0_L3,10,0.0014690917568287382
2024-03-25 04:54:09,8221B极Ⅱ低端换流变星接阀侧末端套管零序电流IVY_0_3I0,1,0.0011265130469323191
2024-03-25 04:54:09,8221B极Ⅱ低端换流变星接阀侧末端套管零序电流IVY_0_3I0,2,0.001201238948822973
2024-03-25 04:54:09,8221B极Ⅱ低端换流变星接阀侧末端套管零序电流IVY_0_3I0,3,0.0011171034164759385
2024-03-25 04:54:09,8221B极Ⅱ低端换流变星接阀侧末端套管零序电流IVY_0_3I0,4,0.0012203236062447711
2024-03-25 04:54:09,8221B极Ⅱ低端换流变星接阀侧末端套管零序电流IVY_0_3I0,5,0.0010519975014192425
2024-03-25 04:54:09,8221B极Ⅱ低端换流变星接阀侧末端套管零序电流IVY_0_3I0,6,0.0012127257840264946
2024-03-25 04:54:09,8221B极Ⅱ低端换流变星接阀侧末端套管零序电流IVY_0_3I0,7,0.0013652673092118019
2024-03-25 04:54:09,8221B极Ⅱ低端换流变星接阀侧末端套管零序电流IVY_0_3I0,8,0.001255683109987093
2024-03-25 04:54:09,8221B极Ⅱ低端换流变星接阀侧末端套管零序电流IVY_0_3I0,9,0.001330199989862061
2024-03-25 04:54:09,8221B极Ⅱ低端换流变星接阀侧末端套管零序电流IVY_0_3I0,10,0.0018343833825657698
2024-03-25 04:54:09,8222B极Ⅱ低端换流变角接网侧首端套管A相电流Iac_D_1_L1,1,0.0010209794196828022
2024-03-25 04:54:09,8222B极Ⅱ低端换流变角接网侧首端套管A相电流Iac_D_1_L1,2,0.0010796434724270197
2024-03-25 04:54:09,8222B极Ⅱ低端换流变角接网侧首端套管A相电流Iac_D_1_L1,3,0.0010470958199580566
2024-03-25 04:54:09,8222B极Ⅱ低端换流变角接网侧首端套管A相电流Iac_D_1_L1,4,0.0012282678833626269
2024-03-25 04:54:09,8222B极Ⅱ低端换流变角接网侧首端套管A相电流Iac_D_1_L1,5,0.0012212110271398531
2024-03-25 04:54:09,8222B极Ⅱ低端换流变角接网侧首端套管A相电流Iac_D_1_L1,6,0.0011447331329121205
2024-03-25 04:54:09,8222B极Ⅱ低端换流变角接网侧首端套管A相电流Iac_D_1_L1,7,0.0011119224439418234
2024-03-25 04:54:09,8222B极Ⅱ低端换流变角接网侧首端套管A相电流Iac_D_1_L1,8,0.0012033937983744634
2024-03-25 04:54:09,8222B极Ⅱ低端换流变角接网侧首端套管A相电流Iac_D_1_L1,9,0.0012089034468462663
2024-03-25 04:54:09,8222B极Ⅱ低端换流变角接网侧首端套管A相电流Iac_D_1_L1,10,0.0015875743352818095
2024-03-25 04:54:09,8222B极Ⅱ低端换流变角接网侧首端套管B相电流Iac_D_1_L2,1,0.001156431801857861
2024-03-25 04:54:09,8222B极Ⅱ低端换流变角接网侧首端套管B相电流Iac_D_1_L2,2,0.0009954266229323403
2024-03-25 04:54:09,8222B极Ⅱ低端换流变角接网侧首端套管B相电流Iac_D_1_L2,3,0.0011952571732036594
2024-03-25 04:54:09,8222B极Ⅱ低端换流变角接网侧首端套管B相电流Iac_D_1_L2,4,0.0012170817062957542
2024-03-25 04:54:09,8222B极Ⅱ低端换流变角接网侧首端套管B相电流Iac_D_1_L2,5,0.0012272122151548125
2024-03-25 04:54:09,8222B极Ⅱ低端换流变角接网侧首端套管B相电流Iac_D_1_L2,6,0.001253629597995085
2024-03-25 04:54:09,8222B极Ⅱ低端换流变角接网侧首端套管B相电流Iac_D_1_L2,7,0.001429290904517788
2024-03-25 04:54:09,8222B极Ⅱ低端换流变角接网侧首端套管B相电流Iac_D_1_L2,8,0.0011600607147089108
2024-03-25 04:54:09,8222B极Ⅱ低端换流变角接网侧首端套管B相电流Iac_D_1_L2,9,0.0011889704130974052
2024-03-25 04:54:09,8222B极Ⅱ低端换流变角接网侧首端套管B相电流Iac_D_1_L2,10,0.0015874583326667285
2024-03-25 04:54:09,8222B极Ⅱ低端换流变角接网侧首端套管C相电流Iac_D_1_L3,1,0.0011272818540722755
2024-03-25 04:54:09,8222B极Ⅱ低端换流变角接网侧首端套管C相电流Iac_D_1_L3,2,0.0012450254203602543
2024-03-25 04:54:09,8222B极Ⅱ低端换流变角接网侧首端套管C相电流Iac_D_1_L3,3,0.0011398560863942794
2024-03-25 04:54:09,8222B极Ⅱ低端换流变角接网侧首端套管C相电流Iac_D_1_L3,4,0.0013128464995561479
2024-03-25 04:54:09,8222B极Ⅱ低端换流变角接网侧首端套管C相电流Iac_D_1_L3,5,0.001246155083734879
2024-03-25 04:54:09,8222B极Ⅱ低端换流变角接网侧首端套管C相电流Iac_D_1_L3,6,0.0010166111081342936
2024-03-25 04:54:09,8222B极Ⅱ低端换流变角接网侧首端套管C相电流Iac_D_1_L3,7,0.0011196940159889683
2024-03-25 04:54:09,8222B极Ⅱ低端换流变角接网侧首端套管C相电流Iac_D_1_L3,8,0.0012722143492067948
2024-03-25 04:54:09,8222B极Ⅱ低端换流变角接网侧首端套管C相电流Iac_D_1_L3,9,0.0011555668984713538
2024-03-25 04:54:09,8222B极Ⅱ低端换流变角接网侧首端套管C相电流Iac_D_1_L3,10,0.001466346712829171
2024-03-25 04:54:09,8222B极Ⅱ低端换流变角接网侧首端套管零序电流Iac_D_1_3I0,1,0.001148139098765911
2024-03-25 04:54:09,8222B极Ⅱ低端换流变角接网侧首端套管零序电流Iac_D_1_3I0,2,0.0010721823642700142
2024-03-25 04:54:09,8222B极Ⅱ低端换流变角接网侧首端套管零序电流Iac_D_1_3I0,3,0.00112240700018959
2024-03-25 04:54:09,8222B极Ⅱ低端换流变角接网侧首端套管零序电流Iac_D_1_3I0,4,0.0012019416900814735
2024-03-25 04:54:09,8222B极Ⅱ低端换流变角接网侧首端套管零序电流Iac_D_1_3I0,5,0.0011608446311467007
2024-03-25 04:54:09,8222B极Ⅱ低端换流变角接网侧首端套管零序电流Iac_D_1_3I0,6,0.0011624508033242402
2024-03-25 04:54:09,8222B极Ⅱ低端换流变角接网侧首端套管零序电流Iac_D_1_3I0,7,0.001369344675889656
2024-03-25 04:54:09,8222B极Ⅱ低端换流变角接网侧首端套管零序电流Iac_D_1_3I0,8,0.0010963036324690347
2024-03-25 04:54:09,8222B极Ⅱ低端换流变角接网侧首端套管零序电流Iac_D_1_3I0,9,0.0011502454632423647
2024-03-25 04:54:09,8222B极Ⅱ低端换流变角接网侧首端套管零序电流Iac_D_1_3I0,10,0.0015907289857337477
2024-03-25 04:54:09,8222B极Ⅱ低端换流变角接阀侧末端套管A相电流IVD_0_L1,1,0.0011050547442723766
2024-03-25 04:54:09,8222B极Ⅱ低端换流变角接阀侧末端套管A相电流IVD_0_L1,2,0.0011193403780143441
2024-03-25 04:54:09,8222B极Ⅱ低端换流变角接阀侧末端套管A相电流IVD_0_L1,3,0.0010467856774816708
2024-03-25 04:54:09,8222B极Ⅱ低端换流变角接阀侧末端套管A相电流IVD_0_L1,4,0.0012465474815673758
2024-03-25 04:54:09,8222B极Ⅱ低端换流变角接阀侧末端套管A相电流IVD_0_L1,5,0.0011520823544267503
2024-03-25 04:54:09,8222B极Ⅱ低端换流变角接阀侧末端套管A相电流IVD_0_L1,6,0.0011536942947623842
2024-03-25 04:54:09,8222B极Ⅱ低端换流变角接阀侧末端套管A相电流IVD_0_L1,7,0.0010818087312878953
2024-03-25 04:54:09,8222B极Ⅱ低端换流变角接阀侧末端套管A相电流IVD_0_L1,8,0.0011576819605792095
2024-03-25 04:54:09,8222B极Ⅱ低端换流变角接阀侧末端套管A相电流IVD_0_L1,9,0.001095010738866022
2024-03-25 04:54:09,8222B极Ⅱ低端换流变角接阀侧末端套管A相电流IVD_0_L1,10,0.0013433253386136003
2024-03-25 04:54:09,8222B极Ⅱ低端换流变角接阀侧末端套管B相电流IVD_0_L2,1,0.0011057153101862985
2024-03-25 04:54:09,8222B极Ⅱ低端换流变角接阀侧末端套管B相电流IVD_0_L2,2,0.0011290089174546027
2024-03-25 04:54:09,8222B极Ⅱ低端换流变角接阀侧末端套管B相电流IVD_0_L2,3,0.0010818326003596516
2024-03-25 04:54:09,8222B极Ⅱ低端换流变角接阀侧末端套管B相电流IVD_0_L2,4,0.0013363802831154326
2024-03-25 04:54:09,8222B极Ⅱ低端换流变角接阀侧末端套管B相电流IVD_0_L2,5,0.0012762139882723303
2024-03-25 04:54:09,8222B极Ⅱ低端换流变角接阀侧末端套管B相电流IVD_0_L2,6,0.0010285416739545712
2024-03-25 04:54:09,8222B极Ⅱ低端换流变角接阀侧末端套管B相电流IVD_0_L2,7,0.0013395606120765627
2024-03-25 04:54:09,8222B极Ⅱ低端换流变角接阀侧末端套管B相电流IVD_0_L2,8,0.001136792968097701
2024-03-25 04:54:09,8222B极Ⅱ低端换流变角接阀侧末端套管B相电流IVD_0_L2,9,0.0010481078174355454
2024-03-25 04:54:09,8222B极Ⅱ低端换流变角接阀侧末端套管B相电流IVD_0_L2,10,0.001344630433887714
2024-03-25 04:54:09,8222B极Ⅱ低端换流变角接阀侧末端套管C相电流IVD_0_L3,1,0.0011737266794612181
2024-03-25 04:54:09,8222B极Ⅱ低端换流变角接阀侧末端套管C相电流IVD_0_L3,2,0.0010973816290909498
2024-03-25 04:54:09,8222B极Ⅱ低端换流变角接阀侧末端套管C相电流IVD_0_L3,3,0.0011864657057561697
2024-03-25 04:54:09,8222B极Ⅱ低端换流变角接阀侧末端套管C相电流IVD_0_L3,4,0.0010734939424000669
2024-03-25 04:54:09,8222B极Ⅱ低端换流变角接阀侧末端套管C相电流IVD_0_L3,5,0.0011267189917313633
2024-03-25 04:54:09,8222B极Ⅱ低端换流变角接阀侧末端套管C相电流IVD_0_L3,6,0.001120159330322497
2024-03-25 04:54:09,8222B极Ⅱ低端换流变角接阀侧末端套管C相电流IVD_0_L3,7,0.0012355197857816219
2024-03-25 04:54:09,8222B极Ⅱ低端换流变角接阀侧末端套管C相电流IVD_0_L3,8,0.0012949841260031997
2024-03-25 04:54:09,8222B极Ⅱ低端换流变角接阀侧末端套管C相电流IVD_0_L3,9,0.00116708184870548
2024-03-25 04:54:09,8222B极Ⅱ低端换流变角接阀侧末端套管C相电流IVD_0_L3,10,0.0013443081751327328
2024-03-25 04:54:09,8222B极Ⅱ低端换流变角接阀侧末端套管零序电流IVD_0_3I0,1,0.001070873133772008
2024-03-25 04:54:09,8222B极Ⅱ低端换流变角接阀侧末端套管零序电流IVD_0_3I0,2,0.001306624974086856
2024-03-25 04:54:09,8222B极Ⅱ低端换流变角接阀侧末端套管零序电流IVD_0_3I0,3,0.0010505749278292235
2024-03-25 04:54:09,8222B极Ⅱ低端换流变角接阀侧末端套管零序电流IVD_0_3I0,4,0.0010999660416509893
2024-03-25 04:54:09,8222B极Ⅱ低端换流变角接阀侧末端套管零序电流IVD_0_3I0,5,0.0010503321289108102
2024-03-25 04:54:09,8222B极Ⅱ低端换流变角接阀侧末端套管零序电流IVD_0_3I0,6,0.001127342829304464
2024-03-25 04:54:09,8222B极Ⅱ低端换流变角接阀侧末端套管零序电流IVD_0_3I0,7,0.0012079635676082478
2024-03-25 04:54:09,8222B极Ⅱ低端换流变角接阀侧末端套管零序电流IVD_0_3I0,8,0.001099966041650989
2024-03-25 04:54:09,8222B极Ⅱ低端换流变角接阀侧末端套管零序电流IVD_0_3I0,9,0.0013257384503340848
2024-03-25 04:54:09,8222B极Ⅱ低端换流变角接阀侧末端套管零序电流IVD_0_3I0,10,0.0015872821884744558
2024-03-25 04:54:09,7#母线Ua,1,0.004696047349334771
2024-03-25 04:54:09,7#母线Ua,2,0.0048324944044087865
2024-03-25 04:54:09,7#母线Ua,3,0.005898675946983828
2024-03-25 04:54:09,7#母线Ua,4,0.005068132908358866
2024-03-25 04:54:09,7#母线Ua,5,0.0050720949674942315
2024-03-25 04:54:09,7#母线Ua,6,0.005000920103909023
2024-03-25 04:54:09,7#母线Ua,7,0.005545505811904657
2024-03-25 04:54:09,7#母线Ua,8,0.005727733193098768
2024-03-25 04:54:09,7#母线Ua,9,0.0050949926314735475
2024-03-25 04:54:09,7#母线Ua,10,0.006601751300389353
2024-03-25 04:54:09,7#母线Ub,1,0.00567422123750221
2024-03-25 04:54:09,7#母线Ub,2,0.005107661018625658
2024-03-25 04:54:09,7#母线Ub,3,0.0055481212702015335
2024-03-25 04:54:09,7#母线Ub,4,0.005457957592885888
2024-03-25 04:54:09,7#母线Ub,5,0.006956718989968197
2024-03-25 04:54:09,7#母线Ub,6,0.0054650840984927715
2024-03-25 04:54:09,7#母线Ub,7,0.00530934277666749
2024-03-25 04:54:09,7#母线Ub,8,0.005477546421591255
2024-03-25 04:54:09,7#母线Ub,9,0.00514891442282506
2024-03-25 04:54:09,7#母线Ub,10,0.008799630820018224
2024-03-25 04:54:09,7#母线Uc,1,0.005744590913531779
2024-03-25 04:54:09,7#母线Uc,2,0.005530131166873966
2024-03-25 04:54:09,7#母线Uc,3,0.005775695337856359
2024-03-25 04:54:09,7#母线Uc,4,0.005066672066421126
2024-03-25 04:54:09,7#母线Uc,5,0.005499873641815905
2024-03-25 04:54:09,7#母线Uc,6,0.005757174108705226
2024-03-25 04:54:09,7#母线Uc,7,0.0062579569098749595
2024-03-25 04:54:09,7#母线Uc,8,0.006270624665817559
2024-03-25 04:54:09,7#母线Uc,9,0.0054761332064320175
2024-03-25 04:54:09,7#母线Uc,10,0.006049861005997496
2024-03-25 04:54:09,7#母线3Uo,1,0.006666494106093137
2024-03-25 04:54:09,7#母线3Uo,2,0.004638488618098115
2024-03-25 04:54:09,7#母线3Uo,3,0.00525028850450935
2024-03-25 04:54:09,7#母线3Uo,4,0.005314023974310374
2024-03-25 04:54:09,7#母线3Uo,5,0.005216541516445483
2024-03-25 04:54:09,7#母线3Uo,6,0.005709446621802025
2024-03-25 04:54:09,7#母线3Uo,7,0.005141651066998366
2024-03-25 04:54:09,7#母线3Uo,8,0.00481811576359854
2024-03-25 04:54:09,7#母线3Uo,9,0.005020521528677664
2024-03-25 04:54:09,7#母线3Uo,10,0.007698204593704998
2024-03-25 04:54:09,11#线路Ia,1,0.0011686122076788694
2024-03-25 04:54:09,11#线路Ia,2,0.0010436605756617818
2024-03-25 04:54:09,11#线路Ia,3,0.0012140955507392952
2024-03-25 04:54:09,11#线路Ia,4,0.0011731871488984908
2024-03-25 04:54:09,11#线路Ia,5,0.0011270394141078082
2024-03-25 04:54:09,11#线路Ia,6,0.0011960079611215999
2024-03-25 04:54:09,11#线路Ia,7,0.0011243262336318618
2024-03-25 04:54:09,11#线路Ia,8,0.0011312162365703772
2024-03-25 04:54:09,11#线路Ia,9,0.0012409885091224158
2024-03-25 04:54:09,11#线路Ia,10,0.0014669350564924615
2024-03-25 04:54:09,11#线路Ib,1,0.0011480731390957942
2024-03-25 04:54:09,11#线路Ib,2,0.0011368571201111615
2024-03-25 04:54:09,11#线路Ib,3,0.001178151664087421
2024-03-25 04:54:09,11#线路Ib,4,0.0011780563635220005
2024-03-25 04:54:09,11#线路Ib,5,0.0010516001006829
2024-03-25 04:54:09,11#线路Ib,6,0.0011044926290219729
2024-03-25 04:54:09,11#线路Ib,7,0.0011132179736907323
2024-03-25 04:54:09,11#线路Ib,8,0.0011400955477181215
2024-03-25 04:54:09,11#线路Ib,9,0.0010458728080859961
2024-03-25 04:54:09,11#线路Ib,10,0.001466952343285796
2024-03-25 04:54:09,11#线路Ic,1,0.0010839566164722002
2024-03-25 04:54:09,11#线路Ic,2,0.0012928322035657249
2024-03-25 04:54:09,11#线路Ic,3,0.0014831723246513898
2024-03-25 04:54:09,11#线路Ic,4,0.0012497948058786846
2024-03-25 04:54:09,11#线路Ic,5,0.0011529721678775558
2024-03-25 04:54:09,11#线路Ic,6,0.0012630859011514234
2024-03-25 04:54:09,11#线路Ic,7,0.0012467615977262863
2024-03-25 04:54:09,11#线路Ic,8,0.0011231191498809769
2024-03-25 04:54:09,11#线路Ic,9,0.0012100026728819394
2024-03-25 04:54:09,11#线路Ic,10,0.0015887924697535736
2024-03-25 04:54:09,11#线路3Io,1,0.0012941013847640535
2024-03-25 04:54:09,11#线路3Io,2,0.001082822381905243
2024-03-25 04:54:09,11#线路3Io,3,0.0011969177737735412
2024-03-25 04:54:09,11#线路3Io,4,0.0011926432559146677
2024-03-25 04:54:09,11#线路3Io,5,0.0012591156951856342
2024-03-25 04:54:09,11#线路3Io,6,0.0012757047200217067
2024-03-25 04:54:09,11#线路3Io,7,0.0012941561019696114
2024-03-25 04:54:09,11#线路3Io,8,0.0012483403515931983
2024-03-25 04:54:09,11#线路3Io,9,0.0011486609064481504
2024-03-25 04:54:09,11#线路3Io,10,0.0017121457833283223
2024-03-25 04:54:09,12#线路Ia,1,0.001160162648062428
2024-03-25 04:54:09,12#线路Ia,2,0.0011071031128104401
2024-03-25 04:54:09,12#线路Ia,3,0.0011725271064294727
2024-03-25 04:54:09,12#线路Ia,4,0.001107103112810525
2024-03-25 04:54:09,12#线路Ia,5,0.0011070143148054342
2024-03-25 04:54:09,12#线路Ia,6,0.0011459346368150277
2024-03-25 04:54:09,12#线路Ia,7,0.0011078853127047359
2024-03-25 04:54:09,12#线路Ia,8,0.0012335160124229351
2024-03-25 04:54:09,12#线路Ia,9,0.0011033393824021207
2024-03-25 04:54:09,12#线路Ia,10,0.0013447420818773774
2024-03-25 04:54:09,12#线路Ib,1,0.0011744849459921056
2024-03-25 04:54:09,12#线路Ib,2,0.0012082542777944933
2024-03-25 04:54:09,12#线路Ib,3,0.0010941007734102798
2024-03-25 04:54:09,12#线路Ib,4,0.0011661100439338836
2024-03-25 04:54:09,12#线路Ib,5,0.001158672999535651
2024-03-25 04:54:09,12#线路Ib,6,0.0011080327939164568
2024-03-25 04:54:09,12#线路Ib,7,0.0010519134476260896
2024-03-25 04:54:09,12#线路Ib,8,0.0011002924152352718
2024-03-25 04:54:09,12#线路Ib,9,0.0012341415570999456
2024-03-25 04:54:09,12#线路Ib,10,0.0017098879881781224
2024-03-25 04:54:09,12#线路Ic,1,0.0011930147475826785
2024-03-25 04:54:09,12#线路Ic,2,0.0011909157681487877
2024-03-25 04:54:09,12#线路Ic,3,0.0013887937469589271
2024-03-25 04:54:09,12#线路Ic,4,0.001102325002311079
2024-03-25 04:54:09,12#线路Ic,5,0.001158732272708575
2024-03-25 04:54:09,12#线路Ic,6,0.0012490411403970622
2024-03-25 04:54:09,12#线路Ic,7,0.0011719667829987348
2024-03-25 04:54:09,12#线路Ic,8,0.001106123475489485
2024-03-25 04:54:09,12#线路Ic,9,0.001348244439379688
2024-03-25 04:54:09,12#线路Ic,10,0.001465693272040772
2024-03-25 04:54:09,12#线路3Io,1,0.0011854076840232596
2024-03-25 04:54:09,12#线路3Io,2,0.0012456724942419735
2024-03-25 04:54:09,12#线路3Io,3,0.0012246327088745966
2024-03-25 04:54:09,12#线路3Io,4,0.001255342650209325
2024-03-25 04:54:09,12#线路3Io,5,0.0011071029454536828
2024-03-25 04:54:09,12#线路3Io,6,0.0013893373685922173
2024-03-25 04:54:09,12#线路3Io,7,0.001328198432237441
2024-03-25 04:54:09,12#线路3Io,8,0.001138894813725488
2024-03-25 04:54:09,12#线路3Io,9,0.0011299213847724443
2024-03-25 04:54:09,12#线路3Io,10,0.0014671088134608928
2024-03-25 04:54:09,A段直流电源,1,0.02331432875048405
2024-03-25 04:54:09,A段直流电源,2,0.013226156651215178
2024-03-25 04:54:09,A段直流电源,3,0.014943367441022854
2024-03-25 04:54:09,A段直流电源,4,0.014981601934208584
2024-03-25 04:54:09,A段直流电源,5,0.013018367566139567
2024-03-25 04:54:09,A段直流电源,6,0.014781483865724792
2024-03-25 04:54:09,A段直流电源,7,0.012766603276163135
2024-03-25 04:54:09,A段直流电源,8,0.01366673331160907
2024-03-25 04:54:09,A段直流电源,9,0.015138184756102548
2024-03-25 04:54:09,A段直流电源,10,0.01783951342794552
2024-03-25 04:54:09,B段直流电源,1,0.021305933286935134
2024-03-25 04:54:09,B段直流电源,2,0.016777624574780246
2024-03-25 04:54:09,B段直流电源,3,0.01288862114723084
2024-03-25 04:54:09,B段直流电源,4,0.012450081218209414
2024-03-25 04:54:09,B段直流电源,5,0.013747711928374477
2024-03-25 04:54:09,B段直流电源,6,0.014624299635473698
2024-03-25 04:54:09,B段直流电源,7,0.01368396983038583
2024-03-25 04:54:09,B段直流电源,8,0.013754812544914475
2024-03-25 04:54:09,B段直流电源,9,0.016200332984776168
2024-03-25 04:54:09,B段直流电源,10,0.01649725431404938
2024-03-25 04:54:09,C段直流电源,1,0.0448352333013857
2024-03-25 04:54:09,C段直流电源,2,0.011752750699079221
2024-03-25 04:54:09,C段直流电源,3,0.012129352066660982
2024-03-25 04:54:09,C段直流电源,4,0.012023299833588404
2024-03-25 04:54:09,C段直流电源,5,0.012945023877174838
2024-03-25 04:54:09,C段直流电源,6,0.013162330932034677
2024-03-25 04:54:09,C段直流电源,7,0.015926405813010084
2024-03-25 04:54:09,C段直流电源,8,0.015810099967033944
2024-03-25 04:54:09,C段直流电源,9,0.01334810665315258
2024-03-25 04:54:09,C段直流电源,10,0.016466037723853313
2024-03-25 04:54:09,4#直流电压通道,1,0.015538848758386304
2024-03-25 04:54:09,4#直流电压通道,2,0.012834109027780887
2024-03-25 04:54:09,4#直流电压通道,3,0.014026129580889314
2024-03-25 04:54:09,4#直流电压通道,4,0.012875713528158547
2024-03-25 04:54:09,4#直流电压通道,5,0.012843584124979848
2024-03-25 04:54:09,4#直流电压通道,6,0.012566531957777542
2024-03-25 04:54:09,4#直流电压通道,7,0.01205027339120378
2024-03-25 04:54:09,4#直流电压通道,8,0.013120516290642462
2024-03-25 04:54:09,4#直流电压通道,9,0.013203008039517133
2024-03-25 04:54:09,4#直流电压通道,10,0.016245991661966833
2024-03-25 04:54:09,5#直流电压通道,1,0.013774038631878678
2024-03-25 04:54:09,5#直流电压通道,2,0.014411510601203626
2024-03-25 04:54:09,5#直流电压通道,3,0.0125035635405335
2024-03-25 04:54:09,5#直流电压通道,4,0.012615556261716806
2024-03-25 04:54:09,5#直流电压通道,5,0.013856252811857815
2024-03-25 04:54:09,5#直流电压通道,6,0.014512834033731242
2024-03-25 04:54:09,5#直流电压通道,7,0.013708909187886224
2024-03-25 04:54:09,5#直流电压通道,8,0.013225931424534388
2024-03-25 04:54:09,5#直流电压通道,9,0.0122902982558749
2024-03-25 04:54:09,5#直流电压通道,10,0.01884173545591023
2024-03-25 04:54:09,6#直流电压通道,1,0.014528848228729714
2024-03-25 04:54:09,6#直流电压通道,2,0.01578666034388545
2024-03-25 04:54:09,6#直流电压通道,3,0.01393489823887649
2024-03-25 04:54:09,6#直流电压通道,4,0.01203585347177874
2024-03-25 04:54:09,6#直流电压通道,5,0.013614047149621106
2024-03-25 04:54:09,6#直流电压通道,6,0.014854141769508781
2024-03-25 04:54:09,6#直流电压通道,7,0.012605569720989977
2024-03-25 04:54:09,6#直流电压通道,8,0.011958609699891695
2024-03-25 04:54:09,6#直流电压通道,9,0.012878676643411423
2024-03-25 04:54:09,6#直流电压通道,10,0.016336856579542498
2024-03-25 04:54:09,7#直流电压通道,1,0.02128188832010978
2024-03-25 04:54:09,7#直流电压通道,2,0.01583579850824112
2024-03-25 04:54:09,7#直流电压通道,3,0.013375330609309122
2024-03-25 04:54:09,7#直流电压通道,4,0.012641047049513124
2024-03-25 04:54:09,7#直流电压通道,5,0.013749754428863822
2024-03-25 04:54:09,7#直流电压通道,6,0.013170953414146527
2024-03-25 04:54:09,7#直流电压通道,7,0.013827737298680452
2024-03-25 04:54:09,7#直流电压通道,8,0.01478310007991231
2024-03-25 04:54:09,7#直流电压通道,9,0.013912351677154329
2024-03-25 04:54:09,7#直流电压通道,10,0.019445084977913477
2024-03-25 04:54:09,8#直流电压通道,1,0.01339263418429946
2024-03-25 04:54:09,8#直流电压通道,2,0.015564269685091177
2024-03-25 04:54:09,8#直流电压通道,3,0.015534891901906068
2024-03-25 04:54:09,8#直流电压通道,4,0.012880308343158571
2024-03-25 04:54:09,8#直流电压通道,5,0.01385017218151
2024-03-25 04:54:09,8#直流电压通道,6,0.012590042644754794
2024-03-25 04:54:09,8#直流电压通道,7,0.012941617657854601
2024-03-25 04:54:09,8#直流电压通道,8,0.012630190529039813
2024-03-25 04:54:09,8#直流电压通道,9,0.0129495197961683
2024-03-25 04:54:09,8#直流电压通道,10,0.018005223245907018
2024-03-25 04:54:09,9#直流电压通道,1,0.01877494276691452
2024-03-25 04:54:09,9#直流电压通道,2,0.013260553874127131
2024-03-25 04:54:09,9#直流电压通道,3,0.013081531832030457
2024-03-25 04:54:09,9#直流电压通道,4,0.013077595188359563
2024-03-25 04:54:09,9#直流电压通道,5,0.014116998994339042
2024-03-25 04:54:09,9#直流电压通道,6,0.013579834188836619
2024-03-25 04:54:09,9#直流电压通道,7,0.0129156436835853
2024-03-25 04:54:09,9#直流电压通道,8,0.012019802354589706
2024-03-25 04:54:09,9#直流电压通道,9,0.013520487126388345
2024-03-25 04:54:09,9#直流电压通道,10,0.017995713863211745
2024-03-25 04:54:09,10#直流电压通道,1,0.015930991802710345
2024-03-25 04:54:09,10#直流电压通道,2,0.013329264616145326
2024-03-25 04:54:09,10#直流电压通道,3,0.013120312128195899
2024-03-25 04:54:09,10#直流电压通道,4,0.012454612773007584
2024-03-25 04:54:09,10#直流电压通道,5,0.014258988375164957
2024-03-25 04:54:09,10#直流电压通道,6,0.013124081418111165
2024-03-25 04:54:09,10#直流电压通道,7,0.013474572369842229
2024-03-25 04:54:09,10#直流电压通道,8,0.012339668417270199
2024-03-25 04:54:09,10#直流电压通道,9,0.014274006818496195
2024-03-25 04:54:09,10#直流电压通道,10,0.016389162399015913
2024-03-25 04:54:09,11#直流电压通道,1,0.028540247236792295
2024-03-25 04:54:09,11#直流电压通道,2,0.015460763059095392
2024-03-25 04:54:09,11#直流电压通道,3,0.015093655115906516
2024-03-25 04:54:09,11#直流电压通道,4,0.013949544847402946
2024-03-25 04:54:09,11#直流电压通道,5,0.014069953627345871
2024-03-25 04:54:09,11#直流电压通道,6,0.012855094589162565
2024-03-25 04:54:09,11#直流电压通道,7,0.011980104917040494
2024-03-25 04:54:09,11#直流电压通道,8,0.013552003222559124
2024-03-25 04:54:09,11#直流电压通道,9,0.013391109446996802
2024-03-25 04:54:09,11#直流电压通道,10,0.01776573115494235
2024-03-25 04:54:09,12#直流电压通道,1,0.01806407006321731
2024-03-25 04:54:09,12#直流电压通道,2,0.01336439435203895
2024-03-25 04:54:09,12#直流电压通道,3,0.013402829511842304
2024-03-25 04:54:09,12#直流电压通道,4,0.013851515204607751
2024-03-25 04:54:09,12#直流电压通道,5,0.013977079471022393
2024-03-25 04:54:09,12#直流电压通道,6,0.013364387900976308
2024-03-25 04:54:09,12#直流电压通道,7,0.01239761954725198
2024-03-25 04:54:09,12#直流电压通道,8,0.013600511856434187
2024-03-25 04:54:09,12#直流电压通道,9,0.013420996368905131
2024-03-25 04:54:09,12#直流电压通道,10,0.01808002441897294
2024-03-25 04:54:09,13#直流电压通道,1,0.04510181637081597
2024-03-25 04:54:09,13#直流电压通道,2,0.012289501546115472
2024-03-25 04:54:09,13#直流电压通道,3,0.013310274823880273
2024-03-25 04:54:09,13#直流电压通道,4,0.013054613583247394
2024-03-25 04:54:09,13#直流电压通道,5,0.012888185373225398
2024-03-25 04:54:09,13#直流电压通道,6,0.013707839070990964
2024-03-25 04:54:09,13#直流电压通道,7,0.012367284291934972
2024-03-25 04:54:09,13#直流电压通道,8,0.014024878848959327
2024-03-25 04:54:09,13#直流电压通道,9,0.01270240134301624
2024-03-25 04:54:09,13#直流电压通道,10,0.016302408379711173
2024-03-25 04:54:09,14#直流电压通道,1,0.020640330415531566
2024-03-25 04:54:09,14#直流电压通道,2,0.014993206171916029
2024-03-25 04:54:09,14#直流电压通道,3,0.01467000687000978
2024-03-25 04:54:09,14#直流电压通道,4,0.014722878081855508
2024-03-25 04:54:09,14#直流电压通道,5,0.013787102030365142
2024-03-25 04:54:09,14#直流电压通道,6,0.012646683843905753
2024-03-25 04:54:09,14#直流电压通道,7,0.014098167740921042
2024-03-25 04:54:09,14#直流电压通道,8,0.012356805386743946
2024-03-25 04:54:09,14#直流电压通道,9,0.013775172554707242
2024-03-25 04:54:09,14#直流电压通道,10,0.016223238685765064
2024-03-25 04:54:09,15#直流电压通道,1,0.04795129181445429
2024-03-25 04:54:09,15#直流电压通道,2,0.01522207868493325
2024-03-25 04:54:09,15#直流电压通道,3,0.013464569782715327
2024-03-25 04:54:09,15#直流电压通道,4,0.01264087169546967
2024-03-25 04:54:09,15#直流电压通道,5,0.014560034193052865
2024-03-25 04:54:09,15#直流电压通道,6,0.012695235230777412
2024-03-25 04:54:09,15#直流电压通道,7,0.013368123974730825
2024-03-25 04:54:09,15#直流电压通道,8,0.01307262590221614
2024-03-25 04:54:09,15#直流电压通道,9,0.01438529566111389
2024-03-25 04:54:09,15#直流电压通道,10,0.01534058674022853
2024-03-25 04:54:09,16#直流电压通道,1,0.06100711383355722
2024-03-25 04:54:09,16#直流电压通道,2,0.012504801894228826
2024-03-25 04:54:09,16#直流电压通道,3,0.01359826876091931
2024-03-25 04:54:09,16#直流电压通道,4,0.013526026117301809
2024-03-25 04:54:09,16#直流电压通道,5,0.013859599828720101
2024-03-25 04:54:09,16#直流电压通道,6,0.013123548314851755
2024-03-25 04:54:09,16#直流电压通道,7,0.014293110853174256
2024-03-25 04:54:09,16#直流电压通道,8,0.013512952395784235
2024-03-25 04:54:09,16#直流电压通道,9,0.014365138615586557
2024-03-25 04:54:09,16#直流电压通道,10,0.015400346756732125
2024-03-25 04:54:09,频率曲线,1,3.1401849173675506e-15
2024-03-25 04:54:09,频率曲线,2,3.5170071074516563e-15
2024-03-25 04:54:09,频率曲线,3,9.703527072522651e-15
2024-03-25 04:54:09,频率曲线,4,5.245518885116028e-15
2024-03-25 04:54:09,频率曲线,5,4.8740660345014484e-15
2024-03-25 04:54:09,频率曲线,6,6.295424678153463e-15
2024-03-25 04:54:09,频率曲线,7,2.31335954426011e-14
2024-03-25 04:54:09,频率曲线,8,1.483018612073423e-14
2024-03-25 04:54:09,频率曲线,9,4.2927602711964755e-15
2024-03-25 04:54:09,频率曲线,10,8.230959388292737e-15
